date,open,high,low,close,volume
2013-02-28,93.041472669622,94.23820675956499,92.785555687311,93.243996900228,2213200.0
2013-03-01,92.811331498479,93.575400186673,92.295815275119,93.36367030922199,1790100.0
2013-03-04,93.21637995969101,95.241622265747,93.124323491233,95.21400532521,1942000.0
2013-03-05,95.444146496353,95.628259433267,94.588021339702,94.95624721353,1611700.0
2013-03-06,94.95624721353,95.269239206285,94.229001112719,94.41311404963301,1254400.0
2013-03-07,95.32447308735901,95.72031590172399,93.80554135781601,93.86998088573601,2603300.0
2013-03-08,94.431525343325,95.057509328833,93.76871877043301,94.854985098227,1549200.0
2013-03-11,95.32447308735901,95.453352143199,94.21979546587299,94.302646287485,2120800.0
2013-03-12,95.379706968433,97.13798551596399,95.057509328833,95.508586024273,3795000.0
2013-03-13,95.72952154857,95.91363448548401,94.735311689233,95.204799678365,2459100.0
2013-03-14,95.06671497567899,95.766344135953,94.735311689233,94.735311689233,2316700.0
2013-03-15,94.40390840278799,94.808956863999,93.44652113083299,93.663774396392,4001800.0
2013-03-18,93.290025134456,93.906803473119,92.986238788548,93.60301712721001,2138000.0
2013-03-19,93.76871877043301,94.394610699473,93.096706550696,94.008065588422,2240300.0
2013-03-20,94.302646287485,95.144962973867,94.20598699560499,94.89180768560999,2316400.0
2013-03-21,94.68007780815901,95.711110254879,94.523581811782,95.296856146822,2216900.0
2013-03-22,95.241622265747,96.769759642136,95.22321097205601,96.76055399529,2036100.0
2013-03-25,96.834199170056,97.368126687107,96.254243418776,97.09195728173599,2315300.0
2013-03-26,97.29448151234101,97.589062211404,97.064340341199,97.552239624021,1452800.0
2013-03-27,96.880227404284,98.28869137167801,96.69611446737,98.169017962684,1971500.0
2013-03-28,98.187429256376,98.557588316042,97.220836337576,97.68111867986099,1672900.0
2013-04-01,97.57985656455901,98.122989728456,97.01002702480899,97.40494927449,1005700.0
2013-04-02,97.828409029393,99.190844762558,97.607565561564,99.126405234638,1831900.0
2013-04-03,98.96070359141501,99.18163911571301,97.57985656455901,97.911259851004,1833200.0
2013-04-04,97.819203382547,98.399159133827,97.08275163489,97.911259851004,1575700.0
2013-04-05,96.935461285359,97.552239624021,96.152981303473,97.39574362764401,1678900.0
2013-04-08,97.994110672616,98.583272070741,97.460183155564,98.537243836513,1077600.0
2013-04-09,98.730562420273,98.75817936080999,97.20242504388399,97.386537980799,1947300.0
2013-04-10,97.33130409972401,98.058550200536,97.142588339387,97.349715393416,1757200.0
2013-04-11,97.46938880241,97.94808243838699,96.834199170056,97.589062211404,2319400.0
2013-04-12,97.708735620399,98.30710266536998,97.258579489643,97.69952997355301,1437700.0
2013-04-15,97.07354598804399,97.78238079516399,95.859321169095,95.93204577917601,1818400.0
2013-04-16,96.410739415153,97.386537980799,96.24503777193001,97.165602456501,2796500.0
2013-04-17,96.44756200253599,96.88943305113001,96.05171918817,96.44756200253599,1882600.0
2013-04-18,96.43835635569,96.769759642136,95.12194885675301,95.379706968433,1854300.0
2013-04-19,95.002275447759,96.337094240387,95.002275447759,96.152981303473,2215600.0
2013-04-22,96.13457000978201,97.37733233395299,95.98727966025,96.80658222951901,2048400.0
2013-04-23,97.34050974656999,98.82261888873,97.15639680965599,98.730562420273,1731100.0
2013-04-24,98.92388100403299,99.743183573301,98.77659065450099,99.26448993732402,2234300.0
2013-04-25,99.743183573301,100.65454261103001,99.236872996787,100.46122402726999,1848100.0
2013-04-26,100.24949414982001,101.0319741317,99.77080051383801,100.59010308311,2146700.0
2013-04-29,100.61772002364,100.77421602001999,99.85365133545,100.00094168498,1728300.0
2013-04-30,99.53145369584999,99.945707803907,99.126405234638,99.816828748067,1561400.0
2013-05-01,99.54065934269501,100.34155061826999,99.38416334631799,99.623510164307,1199400.0
2013-05-02,99.577481930078,100.6085143768,99.16322782202101,100.05617556605999,1442900.0
2013-05-03,101.19767577491999,101.63954682351999,100.35075626512,101.0319741317,1407600.0
2013-05-06,100.99515154432,101.49225647399,100.36916755881,100.42440143988001,1112700.0
2013-05-07,100.35996191195999,101.05867050754999,100.02855862552,100.99515154432,1617400.0
2013-05-08,101.17005883439,101.49225647399,100.70977649209999,100.90309507586001,863800.0
2013-05-09,101.1516475407,101.40480282895001,100.23108285612,100.47042967411,1306300.0
2013-05-10,100.71898213895001,101.40480282895001,100.49804661465001,101.252909656,1239600.0
2013-05-13,100.97674025063,101.56129882533001,100.89388942902,101.27132094969,1246600.0
2013-05-14,101.52907906137,102.84548656031001,101.15625036411998,102.54170021440001,1932800.0
2013-05-15,102.3342182183,104.26348500593001,102.17729221166,104.14348276555,1810600.0
2013-05-16,103.93117110950001,104.30963971376998,102.66653211474001,102.9342294202,1533600.0
2013-05-17,103.58039532993,104.48502760355,103.05423166058,104.35579442161,1678300.0
2013-05-20,104.36502536316999,104.42862655056999,103.34039084916999,103.40500744014,1664300.0
2013-05-21,103.82963075225,105.19581010426,103.58039532993,104.75272490900998,1946000.0
2013-05-22,104.6142607855,105.89736166339,104.2450231228,104.66041549334,2524300.0
2013-05-23,104.06040429144001,105.41735270187999,103.2480814335,104.48502760355,2225200.0
2013-05-24,103.82963075225,105.86966883868999,103.6173190962,105.59274059166,1769800.0
2013-05-28,106.24813744296,106.86661052798999,105.26042669523001,105.99890202064002,2693700.0
2013-05-29,105.72197377361,105.83736054319999,104.06963523301,104.26348500593001,1834000.0
2013-05-30,105.49120023441999,106.6081441641,103.26654331663,103.2757742582,3459400.0
2013-05-31,103.49731685581999,104.06963523301,101.19881240549,101.19973549965,3537200.0
2013-06-03,101.46650971094999,102.50960610809,100.21571712854,102.35268010144001,2341400.0
2013-06-04,102.3342182183,103.21115766723,101.44804782781999,102.14959938695,1855200.0
2013-06-05,101.6511285423,102.0803673252,100.50649178792,100.77418909338002,2018400.0
2013-06-06,101.11573393138,102.58345364063,100.96803886629999,102.54652987435999,2186800.0
2013-06-07,102.68499399786998,103.34039084916999,101.69728325014,102.07575185441,2013400.0
2013-06-10,102.39883480928002,102.49114422495,101.20804334706,101.82651643209,1563900.0
2013-06-11,101.3095837043,102.46345140025,101.09727204825,101.55881912663,1066300.0
2013-06-12,102.23267786105998,102.29729445203002,100.71880344398001,100.98650074944,1320200.0
2013-06-13,100.77418909338002,102.5926845822,100.63572496987,102.35268010144001,1230500.0
2013-06-14,101.88190208149,103.03946215407,101.84497831521999,102.46345140025,1318000.0
2013-06-17,103.15577201782,103.84809263538999,102.40714265669001,103.10961730998001,1441700.0
2013-06-18,102.9619222449,103.57116438836,102.6480702316,103.46500856033,1250200.0
2013-06-19,103.59885721306,103.93117110950001,101.66959042544,101.71574513328001,1458600.0
2013-06-20,101.29112182116998,101.29112182116998,99.12185055278299,99.28800750100001,2211900.0
2013-06-21,100.05417565111,101.15265769765,99.601859514298,100.29418013187001,3111500.0
2013-06-24,99.195698085324,102.09421373754999,99.177236202188,101.20804334706,1832300.0
2013-06-25,102.16806127009,102.16806127009,100.83880568434999,101.77113078267999,1607800.0
2013-06-26,101.95574961403,102.89730565392999,101.63266665917,102.62960834847,1539200.0
2013-06-27,102.98961506959999,103.70962851188,102.68499399786998,102.91576753705999,922200.0
2013-06-28,102.65730117317,103.5896262715,102.02036620500999,102.06652091284,1853600.0
2013-07-01,102.97115318646999,103.21115766723,101.83482427950001,101.9372877309,1112700.0
2013-07-02,102.12190656225,103.26654331663,101.95574961403,102.32498727674,1279700.0
2013-07-03,101.9372877309,102.73105639629,101.5957428929,102.38037292614,752200.0
2013-07-05,103.60808815463001,103.6727047456,102.19575409479,103.16500295939001,1366700.0
2013-07-08,103.70039757031,104.28194688907,103.45116214798,103.9588639342,1525200.0
2013-07-09,104.39271818788,104.86349620781999,104.07886617458,104.63272266863001,1360800.0
2013-07-10,104.75272490900998,105.2696576368,104.59579890236,104.90965091566,1274300.0
2013-07-11,106.00813296221001,107.02353653464,105.55092442636,106.98199729759001,1549900.0
2013-07-12,106.58968228096,107.89124504198999,106.34044685864001,107.50354549615,2233300.0
2013-07-15,107.07892218405,107.30046478167,106.26752242025,106.9773818268,1156500.0
2013-07-16,107.23584819069,107.76201186005,106.6635298135,107.56816208713,1295200.0
2013-07-17,107.96509257453,108.64818225054,107.40209744833,108.37125400351,1276900.0
2013-07-18,108.3158683541,108.55587283486,107.44815984674999,108.05740199021,1180700.0
2013-07-19,108.53741095171999,109.05434367951,107.6050858534,108.98972708854001,1639200.0
2013-07-22,109.68204770611,109.69127864767,108.6020275427,108.97126520540002,1158000.0
2013-07-23,109.26665533556,109.98666877783998,109.19280780302,109.94051407,1079600.0
2013-07-24,109.84820465431999,110.20811906603998,108.23278987999001,108.83280108189001,1726900.0
2013-07-25,108.08509481491,108.6297203674,107.68816432751,108.41740871135,1352200.0
2013-07-26,107.78970468475,108.0020163408,106.65429887194,107.6050858534,1863100.0
2013-07-29,107.52200737929,108.64818225054,107.30046478167,108.13124952275,1198100.0
2013-07-30,108.77741543248001,109.21126968616,107.78970468475,107.93739974982999,1162500.0
2013-07-31,108.50971812702,109.01741991323999,107.9743235161,108.38971588663999,1925200.0
2013-08-01,108.98972708854001,109.47896699161998,108.6020275427,109.23896251086,1255700.0
2013-08-02,109.20203874459,110.30975173270001,108.85126296501998,110.18974949232,1503600.0
2013-08-05,110.26359702486,110.95591764243,109.79281900491999,110.83591540205,1336700.0
2013-08-06,110.06974725193999,110.69745127853999,109.86666653746,110.30975173270001,1308500.0
2013-08-07,110.27237237530001,110.61480441709,109.63378289196999,110.44821585622,1297600.0
2013-08-08,109.26358609004,110.05016174494,107.43111192048,108.6435064468,2372700.0
2013-08-09,108.15299568424,108.5093101061,106.77401259705,107.0146405183,1676800.0
2013-08-12,106.97762083810998,107.5514258811,106.45009039536,107.10718971879,1596800.0
2013-08-13,107.67173984173,107.68099476178001,106.20020755405001,107.03315035840001,1230300.0
2013-08-14,106.57040435599001,106.66295355647,105.12663682844999,105.30248030937,1656500.0
2013-08-15,104.08083086299999,104.37689575534,103.20161345841,103.46075121976,1656600.0
2013-08-16,103.44224137967,104.12710546324,103.33118233909,103.56255534028999,1651000.0
2013-08-19,103.56255534028999,104.52506702531001,103.47000613981,103.72914390115999,1259500.0
2013-08-20,103.87722262193,104.848989227,103.74765374126,104.43251782483,1448500.0
2013-08-21,104.23816450382,104.46028258498,103.51628074005,103.61808486058001,1329300.0
2013-08-22,103.70137914102,104.19188990357999,103.56255534028999,103.87722262193,998500.0
2013-08-23,104.20114482362,105.03408762797,103.34043725913,104.64538098594,1444900.0
2013-08-26,104.58059654559999,104.69165558618,103.50702582,103.53479058014999,1031500.0
2013-08-27,102.94247569705999,103.53849254817,102.75737729609001,103.34969217918001,1415500.0
2013-08-28,103.39596677942,103.39596677942,102.13729765286,102.22984685333999,1648900.0
2013-08-29,102.07251321252,103.55330042024,101.97996401204,103.09055441783,1388000.0
2013-08-30,103.41447661952,103.83094802169,102.86843633667,103.53479058014999,1207700.0
2013-09-03,104.40475306469,104.70091050623002,103.23863313860001,103.63659470068,1204600.0
2013-09-04,103.64584962073,103.91424230213,103.05353473763999,103.19235853836001,1397900.0
2013-09-05,104.58059654559999,106.52412975573999,104.58059654559999,106.07989359343,2564100.0
2013-09-06,105.78373615187999,106.44083547531,104.69165558618,105.83001075212,2232000.0
2013-09-09,105.66342219125,106.86656179753,105.44037861809,106.75550275695,1262000.0
2013-09-10,107.21824875937,108.80084008761999,106.92209131781999,108.57872200646,1665400.0
2013-09-11,108.81009500767,110.44821585622,108.74531056733,110.36492157578002,1808600.0
2013-09-12,110.18907809486,110.43896093616999,109.07848768907,109.38390005066,1371000.0
2013-09-13,109.69856733230999,109.73484661889,108.19927028448,108.31032932506001,1661000.0
2013-09-16,109.54123369148,109.63378289196999,108.24554488472,108.60648676660999,1767100.0
2013-09-17,108.56021216637,109.68931241226,108.36595139455,109.12476228931,990900.0
2013-09-18,108.91189912819999,110.19000358687,108.24554488472,109.80222243684999,1858800.0
2013-09-19,110.19833301491,110.56852981683998,109.79574399281,110.31864697553999,1219500.0
2013-09-20,110.46672569631001,110.55001997675,108.84711468786,109.15252704945999,2587100.0
2013-09-23,108.3566039253,109.36539021057,108.32976465716,108.81009500767,1762600.0
2013-09-24,108.57872200646,109.28209593013,107.65323000163,107.67173984173,1650000.0
2013-09-25,107.77354396225999,107.88460300284001,106.43158055525998,106.81103227724,2268800.0
2013-09-26,107.25526843956,107.80130872241,106.65369863642,107.72726936202,1039100.0
2013-09-27,106.99613067821,107.5514258811,106.82028719729,107.09793479874,897500.0
2013-09-30,106.45934531541,106.94985607795999,106.19095263400999,106.58891419608,1829000.0
2013-10-01,106.53338467579,106.58891419608,106.10765835357,106.43158055525998,1452200.0
2013-10-02,106.07989359343,106.5148748357,105.80224599198,106.26499199439002,1640200.0
2013-10-03,105.82075583206999,106.56114943594,105.41353934995001,105.89479519246001,1608000.0
2013-10-04,105.67267711129999,106.380678495,105.53385331058,105.91330503256,1084900.0
2013-10-07,105.33024506952,105.65879473123002,104.91377366734001,104.96004826758,1293900.0
2013-10-08,105.03408762797,105.31173522942,103.76616358135999,103.84945786179001,2148600.0
2013-10-09,102.80365189633001,106.64444371636999,101.94294433184,106.05212883328001,5852500.0
2013-10-10,106.41307071515999,107.3200528799,105.62640251106,107.07942495864,2388300.0
2013-10-11,106.57965927603,107.35707256009,106.19095263400999,107.26452335961001,1563000.0
2013-10-14,106.44111312291001,107.63472016153999,106.44111312291001,107.59770048134001,1195100.0
2013-10-15,107.13495447893,107.45878413142,106.68146339656,106.764757677,1503100.0
2013-10-16,107.60695540139,108.73605564728001,107.00538559825,108.61574168666,1854900.0
2013-10-17,108.49542772603,109.85590097312999,108.37511376540002,109.44683350698999,2099700.0
2013-10-18,109.50421401129,109.53197877144001,107.94013252313,108.87487944801,2727100.0
2013-10-21,108.6620162869,108.74531056733,108.05119156371,108.63425152674999,1454600.0
2013-10-22,108.44915312579,110.03174445404,108.36585884535,109.03221308883002,1386000.0
2013-10-23,108.51393756611999,109.23582132989,108.30107440501,108.43064328569,1183200.0
2013-10-24,106.93134623786999,108.09746616395,106.59816911613001,107.57919064125,2250100.0
2013-10-25,107.32930779994,107.78279888230999,106.69997323666,107.76428904221001,1840100.0
2013-10-28,107.54217096104999,109.47644925115,107.54217096104999,108.60648676660999,1802400.0
2013-10-29,108.90264420815001,110.12429365453,108.6249966067,109.90217557337,1881000.0
2013-10-30,109.75409685259001,110.04099937408998,108.47691788593,108.98593848859001,1108600.0
2013-10-31,109.07848768907,109.76335177264,108.71754580718999,109.20805656975,1587700.0
2013-11-01,109.86515589317,110.87394217844,109.7170771724,110.70550263356002,2185100.0
2013-11-04,111.0590405794,111.42923738133001,110.37417649583,111.37370786103997,1588900.0
2013-11-05,111.19786438013,111.45690959228001,110.22609777506001,111.17935454003,1419700.0
2013-11-06,111.46625706153,115.27928412142,111.35519802095,114.82579303905001,3059000.0
2013-11-07,115.44587268228999,115.44587268228999,113.38202551152,113.63190835283001,2459500.0
2013-11-08,113.10437791007,113.73371247336,112.09559162481001,113.63190835283001,2314300.0
2013-11-11,113.59488867263,114.45559623712,113.00257378953998,113.85402643398001,1275700.0
2013-11-12,112.54908270718,113.58563375258001,112.46578842673999,113.32649599123,1588000.0
2013-11-13,113.11069788511001,114.27975275621,112.82307327397,114.27975275621,1679300.0
2013-11-14,114.48387344798,115.10551373658001,113.9828499318,114.80861091218,1488000.0
2013-11-15,114.73438520607999,115.69004117213001,114.48387344798,115.31891264161999,1784200.0
2013-11-18,115.66220653234,115.66220653234,114.04315831801,114.40964774188,1327600.0
2013-11-19,114.62304664691999,115.14262658963001,114.23336168988999,114.70655056628999,1233600.0
2013-11-20,115.04984445701,115.24468693552,113.59316497476999,113.89934601243999,1135900.0
2013-11-21,114.07563206443001,115.23540872226002,113.48182641562,114.94778411112,1164200.0
2013-11-22,115.29107800183998,116.30240324747,115.04984445701,116.17250826178999,1502000.0
2013-11-25,116.59930607187,117.01960913267,115.88488365065001,116.13539540873998,1391900.0
2013-11-26,116.17250826178999,117.01682566868999,116.01477863632,116.14467362200001,1597700.0
2013-11-27,116.58074964535,116.80333398152,116.16323004853001,116.33023788725001,873400.0
2013-11-29,116.62714071166,116.93564130264,116.10756076895001,116.37662895357,725400.0
2013-12-02,116.59002785861,116.6178624984,114.53954272756,114.76221984586,1444900.0
2013-12-03,114.79005448565,115.02200981722,114.09418849094999,114.88283661828001,1767900.0
2013-12-04,114.36325667556999,115.47664226709,113.52821748193001,114.09418849094999,1644000.0
2013-12-05,112.73029114133999,113.51893926866998,111.80246981507,112.21998941189,3329000.0
2013-12-06,113.19420180446998,113.33337500341001,112.28493690472999,113.24987108405001,1734800.0
2013-12-09,113.95501529201,113.96893261191002,112.61895258219,112.87874255353998,2192500.0
2013-12-10,112.4426665302,112.70709560818001,111.31072451215,111.37567200498998,3163300.0
2013-12-11,109.57569863204,111.61690554982,108.52726053336,110.01177465538,6113600.0
2013-12-12,109.96538358907,110.78186635618,109.57569863204,109.68703719119,2023600.0
2013-12-13,110.42001603893999,110.45712889199,108.93550191691,109.39941258005,1722600.0
2013-12-16,109.40869079331,110.31795569305001,109.04591265474001,109.48291649941,2069500.0
2013-12-17,109.64064612486999,109.81693217687,108.57365159966999,109.06539690259001,1722800.0
2013-12-18,109.27879580763,110.03960929517,107.48810064794,109.94682716254,3167600.0
2013-12-19,109.33446508721,109.89115788296999,108.78705050471001,109.47363828614999,2339400.0
2013-12-20,109.19529188826999,110.45712889199,109.19529188826999,109.97466180233,3007000.0
2013-12-23,110.5035199583,110.53135459808998,109.60650230007,110.12311321453001,1181600.0
2013-12-24,110.12311321453001,110.27156462674,109.64992433814001,110.12311321453001,612500.0
2013-12-26,110.11383500126999,110.51279817156001,110.03033108191002,110.06744393496,1169900.0
2013-12-27,110.29012105326001,110.69836243681999,109.71487183098,109.97466180233,995100.0
2013-12-30,110.36434675936,110.75403171639,110.01084683405001,110.19733892063,812800.0
2013-12-31,110.58702387767,111.06949096732001,110.14166964106,110.4292942522,1181700.0
2014-01-02,110.14166964106,110.68908422356002,109.24168295458,109.30663044741999,1618400.0
2014-01-03,109.67775897793001,109.81693217687,108.67571194556,108.82416335775999,1293500.0
2014-01-06,109.00972762301001,109.25096116784,107.52521350099,107.99840237738,2120200.0
2014-01-07,107.98912416411999,108.14778161091,107.05202462458999,107.4973788612,2292500.0
2014-01-08,107.66438669993,107.66438669993,105.69369420294001,105.81802226066,4600000.0
2014-01-09,107.81283811213001,110.5035199583,105.81802226066,109.95610537581001,5759400.0
2014-01-10,109.66848076465999,110.08600036148,108.23963592221001,109.34374330047,2790200.0
2014-01-13,108.61076445271999,109.04684047605998,106.30976756358,106.48605361556999,3164200.0
2014-01-14,106.88501678586,108.39736554768,106.81079107976,107.84067275192,2320600.0
2014-01-15,107.69222133972,108.26747056200001,106.93140785218,107.84995096518,1847500.0
2014-01-16,108.03551523043001,108.06334987022,106.97779891849001,107.21903246331999,1938200.0
2014-01-17,107.25614531637,108.1932448559,107.09841569091,107.89634203149001,2708100.0
2014-01-21,107.26542352963001,107.72933419277001,106.55100110840999,106.63450502777,2110800.0
2014-01-22,106.70873073386998,106.84790393281,105.4840065832,105.53967586278,2501600.0
2014-01-23,105.30772053121001,105.33555517100001,104.28711707232,104.65824560283001,2162300.0
2014-01-24,104.55618525694,104.72319309566,103.84269065704001,104.03660531423,3183100.0
2014-01-27,104.43092937789,105.52111943625,103.9438231816,104.91803557418001,3784900.0
2014-01-28,105.33555517100001,106.47677540231,105.25205125164,106.12420329833,2362100.0
2014-01-29,105.81802226066,105.94791724634001,104.0180488877,104.12938744684999,2356000.0
2014-01-30,104.61185453651,105.29844231795,103.99949246118,104.59329810999,1625800.0
2014-01-31,103.25723540015998,105.10350705729999,103.10878398796,104.25000421927,2143600.0
2014-02-03,104.80669701503,104.84380986808,102.10673695559,102.22735372801,3111900.0
2014-02-04,102.73765545745,103.29434825320999,101.59643522614999,102.88610686966,2529600.0
2014-02-05,102.26446658105999,102.80260295029,101.87570944535,102.53353476568,2374200.0
2014-02-06,104.85308808134,106.30976756358,104.84380986808,106.01286473917,3738900.0
2014-02-07,105.84585690045,106.33760220337,105.19638197206,105.8087440474,2194100.0
2014-02-10,105.8087440474,105.86441332696998,104.45412491105,105.6324579954,1871700.0
2014-02-11,105.68812727498,106.83862571955,105.30772053121001,106.69017430735,1768900.0
2014-02-12,106.87591393819,107.38759354008002,106.33632453982,106.81079107976,1737700.0
2014-02-13,106.18747229200001,107.85275681454,106.18747229200001,107.74111762866998,1583300.0
2014-02-14,107.13640537188,108.37373968192,106.52238984959999,108.01091232785,1517900.0
2014-02-18,108.19697763763,108.29931355801001,106.91312700014,107.32247068166001,2056500.0
2014-02-19,107.08988904443001,107.26665108873001,106.30841474334999,106.90382373465,1802600.0
2014-02-20,106.58751270803002,107.49923272595,105.94558738928,107.04337271698999,1837100.0
2014-02-21,107.35968374362,107.44341313302,105.05247390233,105.30366207054001,3654300.0
2014-02-24,105.55485023874,106.81079107976,105.31296533603,106.00140698222,2281900.0
2014-02-25,106.05722657515,107.81275277293001,106.05722657515,107.41550333655,1920800.0
2014-02-26,107.45271639850999,108.69005070854999,107.33177394715,107.80624048709,1924500.0
2014-02-27,107.94578946943001,108.3086168235,107.24804455774999,108.12255151372,1374400.0
2014-02-28,108.38304294740999,109.28545969985001,107.81554375258001,108.66214091208,2103000.0
2014-03-03,108.12255151372,108.91332908029,107.08988904443001,107.68529803573,1667000.0
2014-03-04,108.48537886778999,108.76447683246,107.77833069062001,108.52259192975,1808300.0
2014-03-05,108.44816580583999,108.80168989442,107.74111762866998,108.35513315093999,2305700.0
2014-03-06,105.26644900858,106.65263556645,104.44776164554001,105.36878492896,8921900.0
2014-03-07,105.87116126536999,106.06652984064002,105.25723877575001,105.59206330069999,2905600.0
2014-03-10,105.32226860150999,106.606119239,105.12690002624001,106.606119239,2319100.0
2014-03-11,106.57820944254,106.75497148683,105.98280045124001,106.71775842487,2201800.0
2014-03-12,106.42005392921999,107.56435558438,106.28980821238001,107.18292169931999,2173400.0
2014-03-13,107.60156864633001,107.72251109769002,106.23408165209999,106.4386604602,2519600.0
2014-03-14,106.94103679660999,106.94103679660999,105.42925615464,105.54554697325001,2290000.0
2014-03-17,106.18747229200001,106.48517678764999,105.48972738031999,105.55485023874,2189200.0
2014-03-18,105.96419392025999,106.16886576101999,105.14550655722,105.91767759281,2501000.0
2014-03-19,105.62927636264999,106.28980821238001,104.62452368984002,104.98735104390998,1635600.0
2014-03-20,104.71755634473,105.33119973638,104.31844625525,105.27575227407,1408200.0
2014-03-21,106.4386604602,106.59681597351,105.40599799091999,105.89907106184,4442300.0
2014-03-24,106.04792330965999,106.05722657515,105.02456410587,105.47112084934,2501700.0
2014-03-25,105.88976779635,106.48517678764999,105.86371865298,105.99210371673,2199400.0
2014-03-26,106.31771800884,106.49448005314001,104.62452368984002,104.6524334863,1905900.0
2014-03-27,104.66173675179,105.07108043330999,104.02911469854,104.22448327381001,2039500.0
2014-03-28,104.52218776945999,104.92687981823,103.40579591077,103.88026245070999,2795500.0
2014-03-31,104.14075388441,104.45892556413,103.79653306131,103.89886898169,2119500.0
2014-04-01,104.39194205260999,104.70825307924,103.74071346838001,104.06632776049,2566200.0
2014-04-02,104.10354082245001,104.20587674283001,103.21042733549999,103.77792653033,3296800.0
2014-04-03,103.95468857462,104.33612245968,103.52673836213002,103.91747551267,2328900.0
2014-04-04,104.15005714989,104.19648044469,102.92202610534001,102.94063263632,2716200.0
2014-04-07,103.01505876023,103.38718937979,102.67083793714,103.06994802661998,3119400.0
2014-04-08,102.85690324692,104.88501512353001,102.68944446810998,104.81058899962,3863900.0
2014-04-09,104.86640859254999,105.25714574309,104.29890939772,105.17341635369,2899600.0
2014-04-10,106.16886576101999,106.46657025667,104.14075388441,104.27099960125,3305100.0
2014-04-11,103.67559060995,104.92222818549,103.638377548,104.27099960125,3097800.0
2014-04-14,104.6524334863,105.12690002624001,103.75931999935,104.71755634473,2519000.0
2014-04-15,104.7361628757,105.08968696429001,103.68489387544001,104.25239307027,2123700.0
2014-04-16,104.94083471646,105.72230901754,104.44776164554001,105.58276003521,2455000.0
2014-04-17,105.61066983168001,106.08513637161998,105.23853921211,105.59206330069999,1659000.0
2014-04-21,105.60136656619,106.15025923003999,105.49903064581,106.15025923003999,1826800.0
2014-04-22,106.05722657515,106.2712016814,105.60136656619,105.64788289363001,2315100.0
2014-04-23,105.57345676972,106.97824985857001,105.43390778738001,106.79218454878,1991200.0
2014-04-24,106.89452046916,107.27595435421999,106.18747229200001,107.01546292052,1939300.0
2014-04-25,106.84800414171998,107.26665108873001,106.24329188493,106.99685638954,1721200.0
2014-04-28,107.08058577895001,108.48537886778999,107.08058577895001,107.53644578791,3018800.0
2014-04-29,107.34107721264,107.87099121489,107.13640537188,107.35968374362,1580300.0
2014-04-30,107.02476618601,107.68994966848,106.76427475232,107.62017517730999,1633800.0
2014-05-01,107.62017517730999,107.91787967296,106.93173353111999,107.50853599144001,1168000.0
2014-05-02,108.04812538981,108.04812538981,107.04337271698999,107.12710210639,1321100.0
2014-05-05,107.04337271698999,107.04337271698999,105.99210371673,106.51308658411,1398000.0
2014-05-06,106.31771800884,106.51308658411,104.91292492,104.96874451293002,1945300.0
2014-05-07,104.96874451293002,105.20690810945,103.83374612327,104.17796694636,2950600.0
2014-05-08,105.20132615015999,106.82009434525,105.09899022978,106.73636495585,2556900.0
2014-05-09,106.56890617705,107.61087191182,106.33632453982,107.35038047812999,1954600.0
2014-05-12,107.7132078322,108.76447683246,107.52807284897,108.39234621290001,1940500.0
2014-05-13,108.21558416861001,108.4760756023,107.99230579687,108.18767437214001,1229400.0
2014-05-14,107.9986786105,108.34396082847,107.18679880066999,107.43876150027,1255300.0
2014-05-15,107.0934792823,107.13080708965,106.02963677286999,106.71086925698,1883200.0
2014-05-16,106.92550414923001,108.08266617703,106.72020120882,107.88669518844999,2145300.0
2014-05-19,107.40143369293001,108.76389866114,107.19613075251,108.59592352806999,2212800.0
2014-05-20,108.05467032152,108.35329278031,107.29878222271999,107.43876150027,2126900.0
2014-05-21,107.41076564476,107.61606858518,106.53356217208,106.86951243821,1712700.0
2014-05-22,106.87884439004999,107.31744612639,106.75752901616998,107.06548342679001,1059900.0
2014-05-23,107.38276978924999,107.45733208443,106.86018048637,107.26145441536998,1100300.0
2014-05-27,107.31744612639,107.52274906681,106.02963677286999,106.26293556879999,2583900.0
2014-05-28,106.38425094268,107.27078636721001,106.3431903546,106.60821778677,2388800.0
2014-05-29,106.92550414923001,107.4947532113,105.92698530267,106.5148982684,2976700.0
2014-05-30,106.95350000475,108.33462887663,106.39358289452,108.26930521376998,2622400.0
2014-06-02,108.10133008070999,108.38128863581998,107.82137152559,107.95201885131,1082100.0
2014-06-03,107.75604786273001,108.25064131010001,107.56940882599001,107.79337567008001,1127400.0
2014-06-04,107.58807272966999,108.70790695011999,107.56950214551,108.53993181705,1293000.0
2014-06-05,109.18383649381,110.06103996648999,108.92263516189001,109.88373288159,2614300.0
2014-06-06,109.82774117057,110.3409985216,109.72602289554001,110.33166656977,1664800.0
2014-06-09,110.31300266608999,110.91024758366999,109.6252378157,109.91172873709999,1623100.0
2014-06-10,109.52911871178001,109.86506897791,109.09051697544001,109.27715601218,1089100.0
2014-06-11,108.67991109459999,109.12784478278,108.23197740642999,108.47460815419001,1117100.0
2014-06-12,108.37195668398,108.65191523909,107.38276978924999,107.72805200722,1423400.0
2014-06-13,107.97068275499001,107.97068275499001,107.00949171577,107.5974046815,1230000.0
2014-06-16,107.61606858518,107.74671591090001,107.27078636721001,107.71872005539,1503100.0
2014-06-17,107.69072419986999,108.05467032152,107.44809345211,107.73738395906,1505800.0
2014-06-18,107.93335494764,108.56792767256,107.38276978924999,108.5026040097,2113100.0
2014-06-19,108.78256256481,108.79189451665,108.04533836968001,108.49327205786,1635800.0
2014-06-20,108.85721817951,108.85721817951,107.40143369293001,107.65339639253,2958000.0
2014-06-23,107.50408516313,107.61606858518,106.86018048637,107.52274906681,1501600.0
2014-06-24,107.81203957375999,108.72657085379,107.39210174109002,108.53993181705,1906600.0
2014-06-25,108.25064131010001,108.67057914277001,107.95201885131,108.5026040097,1188700.0
2014-06-26,108.47460815419001,108.71723890195,107.57874077783,107.91469104396,1252100.0
2014-06-27,107.90535909213001,108.01734251417,107.32677807823,107.77471176641,2477300.0
2014-06-30,107.89602714028999,108.33462887663,107.41076564476,107.46675735578,1386600.0
2014-07-01,107.82137152559,107.97068275499001,107.22412660802,107.72805200722,1501700.0
2014-07-02,107.55074492232,108.16665374357001,107.55074492232,108.01734251417,1122200.0
2014-07-03,108.11999398438,108.80122646849001,108.06400227336,108.5772596244,976000.0
2014-07-07,108.55859572071999,108.70790695011999,108.13865788805,108.54926376889,1576900.0
2014-07-08,108.67057914277001,109.79041336321998,108.35329278031,109.61310627831,2584200.0
2014-07-09,109.70909709955,110.4391806738,109.61549664131,110.37366035303002,2328100.0
2014-07-10,109.98053842844,111.04758365234,109.98053842844,110.52342108621,2266400.0
2014-07-11,110.57022131533002,110.68254186521999,109.59677654967,110.45790076545,1684700.0
2014-07-14,110.64510168192,110.90718296498999,109.79333751196998,109.84949778691,1695500.0
2014-07-15,110.5983014528,110.68254186521999,109.68101696208001,110.28005989479999,2634200.0
2014-07-16,110.53278113203999,110.86038273587,110.13029916161999,110.30814003226999,1531200.0
2014-07-17,109.84013774108,110.01797861173,109.11941421265999,109.31597517496,1433300.0
2014-07-18,109.81205760361,110.26133980315001,109.14749435013,110.20508592774999,2148600.0
2014-07-21,109.91501810767001,110.36430030721,109.38149549571999,109.54997632055,1334400.0
2014-07-22,109.77461742032,110.48598090292,109.60613659549,110.02733865756001,1769000.0
2014-07-23,109.89629801603,110.22389961986,109.76525737448999,110.06477884085,1155200.0
2014-07-24,109.98053842844,110.71062200268999,109.94309824513999,110.57958136116001,1347700.0
2014-07-25,110.41110053633001,110.47662085709,109.57805645802,110.02733865756001,1543700.0
2014-07-28,109.9243781535,110.13029916161999,109.3346952666,109.62485668714001,1402600.0
2014-07-29,111.31902498123002,111.94614805142,110.94462314828002,111.29094484376002,2544900.0
2014-07-30,111.1879843397,111.45006562276001,109.9243781535,110.61702154445,2024900.0
2014-07-31,110.01797861173,110.76678227763,109.77461742032,110.01797861173,2476800.0
2014-08-01,110.26133980315001,110.75742223181001,109.94309824513999,110.33622016973999,2089500.0
2014-08-04,110.02733865756001,110.80422246091999,109.61549664131,110.58894140698,1683800.0
2014-08-05,109.98053842844,110.63574163610001,109.78397746614,110.49534094873998,1798600.0
2014-08-06,110.40174049051001,112.29246974688999,110.26133980315001,111.93678800558997,2859800.0
2014-08-07,110.65446172774999,111.38267329283,109.95245829097,110.26133980315001,2698200.0
2014-08-08,110.41110053633001,111.75894713494,110.27079344943,111.53430603517,2319900.0
2014-08-11,111.75894713494,111.861907639,111.10374392728001,111.55302612681999,1227600.0
2014-08-12,111.16926424805,111.63726653923,110.96427924451,111.39390534782,1082100.0
2014-08-13,111.38454530198999,111.47814576023,110.68254186521999,111.04758365234,1449700.0
2014-08-14,110.92590305663,111.63867054611,110.73907654198999,111.62790649341001,1067900.0
2014-08-15,112.23630947195,112.27374965523998,110.2426197115,110.98206333156999,2019900.0
2014-08-18,111.38454530198999,112.01634839508999,111.33774507288,111.81510740988001,1232900.0
2014-08-19,111.74022704328999,113.02255332113998,111.60918640176001,112.89151267961,1708900.0
2014-08-20,112.74175194643,113.47183552068,112.40479029678,113.17231405432,1287200.0
2014-08-21,113.05999350443999,114.08023849921999,112.99447318366998,113.83687730780001,1544300.0
2014-08-22,114.09895859087,114.24871932404,113.39695515408998,113.52799579562,1401400.0
2014-08-25,113.99599808681002,114.1925590491,113.36887501661998,113.62159625386002,1097300.0
2014-08-26,113.65903643715001,113.80879717033001,113.1255138252,113.34079487915001,1385400.0
2014-08-27,113.79943712451,113.79943712451,113.09743368773,113.48119556649999,1028200.0
2014-08-28,113.26591451256,113.49055561233,112.97575309202,113.22847432926001,799400.0
2014-08-29,113.89303758273998,113.89303758273998,112.86343254213999,113.33143483331999,1047300.0
2014-09-02,113.25655446673001,113.84623735363,113.16295400850001,113.78071703286001,1469900.0
2014-09-03,113.91175767438999,114.13639877416,113.35951497078999,113.58415607056001,1901000.0
2014-09-04,115.12856363146999,117.15969357521001,114.71672161523001,117.14097348357001,4440300.0
2014-09-05,117.03801297951,118.90066209841999,116.72913146732,118.88194200677,2910600.0
2014-09-08,118.91938219007,119.17210342731,118.17993857,118.49818012799999,2057400.0
2014-09-09,118.06761802011002,118.39521962394,117.69321618717,118.03953788264,1500500.0
2014-09-10,118.22673879911999,118.39521962394,117.81489678287,118.09569815758002,1014900.0
2014-09-11,118.08633811176,118.42854138706998,117.60242374268,117.88041710363999,1511200.0
2014-09-12,118.17057852417,118.17057852417,117.01929288786002,117.34689449168998,1598300.0
2014-09-15,117.53409540816001,118.43265980723999,117.42177485828002,117.66513604969,1615300.0
2014-09-16,117.56217554563,118.67602099865,117.48729517903999,118.339059349,1684400.0
2014-09-17,117.96465751605,118.46073994471001,117.62769586639999,117.94593742441002,1594000.0
2014-09-18,118.13313834088001,118.68538104448,117.896422782,118.38585957812,1401500.0
2014-09-19,119.14402328983999,119.14402328983999,118.3764995323,118.40457966976999,3018500.0
2014-09-22,118.28289907406,118.40457966976999,117.54345545398998,117.77745659958,1453700.0
2014-09-23,117.89913719529,117.92721733276001,117.19713375851002,117.47793513321999,1563100.0
2014-09-24,118.02081779099,119.6026655352,117.54345545398998,119.45290480202,2073622.0
2014-09-25,119.29378402302,119.38738448125,117.56217554563,117.61833582058,1817137.0
2014-09-26,117.38433467498001,117.62769586639999,116.42118595972,117.50601527068999,2045330.0
2014-09-29,117.02865293368001,117.56217554563,116.79465178808998,117.30009426257,1170981.0
2014-09-30,116.86953215468,117.56217554563,116.78529174226999,117.30009426257,1666455.0
2014-10-01,117.23457394180001,117.63705591222,116.48577027591001,116.77593169644,1411317.0
2014-10-02,116.99121275038999,118.13313834088001,116.83209197139,117.74001641628,1545842.0
2014-10-03,118.12377829506,119.48098493949,117.94593742441002,118.95682237336,1770671.0
2014-10-06,119.39674452708,119.49970503113998,117.87105705782,118.13313834088001,1907467.0
2014-10-07,117.32817440004,117.77745659958,116.76657165062001,117.25329403344999,2335221.0
2014-10-08,119.99578745978998,120.69779089657,119.02234269413,120.49186988845,4266976.0
2014-10-09,120.01450755143999,122.37323909901001,119.98642741396999,120.19234842208999,2963699.0
2014-10-10,120.05194773474,123.0003621692,120.05194773474,120.65099066745,3353581.0
2014-10-13,120.34210915527001,120.60419043834,118.76962145689,118.84450182348,2446184.0
2014-10-14,119.34058425213999,119.78986645167,117.25329403344999,118.17057852417,4003560.0
2014-10-15,117.09417325445,117.65577600386999,115.39064491453999,116.34536958855,3784798.0
2014-10-16,114.82904216511001,115.92416752648998,114.23935927821998,115.08176340235,3543012.0
2014-10-17,115.8492871599,117.70257623299,115.29704445629999,116.67297119238,3199186.0
2014-10-20,116.84145201721,120.62291052998,116.67297119238,120.20170846792,3506170.0
2014-10-21,120.68843085075001,122.2889986866,119.96770732232001,121.94267699112,2105624.0
2014-10-22,122.20475827418998,123.16884299403,121.98011717441999,122.18603818254,1879960.0
2014-10-23,122.64468042790001,123.06588248997,122.00819731188999,122.23283841166,1763755.0
2014-10-24,120.3514692011,122.18603818254,120.33274910944999,122.0924377243,2490256.0
2014-10-27,120.96923222546002,122.85986788139,120.96923222546002,122.54171992383999,1629582.0
2014-10-28,122.58852015296002,123.08460258161001,121.83035644123999,122.67276056536998,1439800.0
2014-10-29,122.88804161931999,123.5526048728,122.55107996966001,123.48708455203001,1705814.0
2014-10-30,123.08460258161001,124.77877087569999,122.92548180261002,124.48860945517,1302063.0
2014-10-31,125.84581609961,125.89261632872,124.21716812628,124.83493115065001,2373896.0
2014-11-03,125.25613321271001,125.69605536643,124.83493115065001,125.67733527478,1949226.0
2014-11-04,125.99557683278,127.97054650158,125.41525399172,127.81142572258001,2802823.0
2014-11-05,128.69127003001,128.99079149636998,127.32470333975,127.76462549346,2116797.0
2014-11-06,128.59766957177,128.85975085484,127.8582259517,128.31686819706002,1685940.0
2014-11-07,128.27942801377,129.08383035186,127.78343918556999,128.89719103813,1589448.0
2014-11-10,129.02823167966002,129.06567186296002,127.27790311062999,128.87847094648,1958039.0
2014-11-11,128.96271135889998,129.12183213790001,127.91429262618,128.27942801377,1495574.0
2014-11-12,128.28362259968,128.89360324847001,127.77095732516001,128.47130895315001,1910222.0
2014-11-13,129.16574846101003,130.21679204046,128.8842189308,130.16987045209,2235941.0
2014-11-14,130.37632544092,130.37632544092,129.56936796415002,129.9540311456,1598624.0
2014-11-17,128.76222280103997,129.97279978095,128.76222280103997,129.94464682793,1228116.0
2014-11-18,129.9540311456,130.76108246554,129.54112116796003,130.63908633578,1574757.0
2014-11-19,130.52647452370002,131.51511239062,130.52647452370002,131.38983174968,1362597.0
2014-11-20,130.49832157067,131.38983174968,130.46078429998002,130.67662360648,1518294.0
2014-11-21,132.1311928459,132.15934579892001,130.65785497113,131.11768653713997,1849219.0
2014-11-24,130.75169814786003,131.37106311433,130.62031770043,131.19276107853,1645815.0
2014-11-25,131.47429060873998,131.70889855058002,130.19802340511998,130.32001953487,1865793.0
2014-11-26,130.91123154832,132.20626738728998,130.47955293533002,131.14583949016,1631937.0
2014-11-28,132.60040872959,134.16749593792,131.66948441635,133.36992277883002,1442598.0
2014-12-01,134.49604089968,134.49604089968,132.57225577657,133.2385423314,1952149.0
2014-12-02,133.66083662672,134.52325542093,133.03208734258,134.25204864016,1765406.0
2014-12-03,134.17697409877,134.47727226433,133.2385423314,133.90482888623,1795877.0
2014-12-04,134.65557430013,134.65557430013,133.27607960209,134.21451136947,1324093.0
2014-12-05,134.36466045225,134.486656582,133.22071212782,134.43035067596,1198018.0
2014-12-08,134.24266432249,134.24266432249,133.21038937838,133.56699344998,1946175.0
2014-12-09,133.37930709651002,134.31773886388,132.20626738728998,134.23328000481,2094901.0
2014-12-10,136.01630036282,137.78055208548,130.81738837158002,131.61505537385,4919143.0
2014-12-11,132.40333805844,133.89544456856,132.00919671614,132.703636224,2401295.0
2014-12-12,131.37106311433,132.65671463563,129.34405049681,129.39097208518,3672019.0
2014-12-15,130.11356454605,130.91123154832,128.62145803593,129.68188593306002,2456713.0
2014-12-16,130.00095273397,130.72354519484,128.14285783456998,128.85606597777002,2470072.0
2014-12-17,128.85606597777002,131.0238433604,128.35869714107,130.75169814786003,2428540.0
2014-12-18,131.54936515013,132.8444009891,130.71416087717,132.8444009891,2903401.0
2014-12-19,132.78809508306003,133.72652685043002,132.62856168261,133.04147166024998,4029974.0
2014-12-22,133.57637776765,134.44911931131,133.11654620164,134.39281340527,1776902.0
2014-12-23,135.6315433382,136.04445331584,134.82449201826,135.2749392666,1464516.0
2014-12-24,135.65969629122,135.94591798027,134.75880179453998,134.80572338291,738668.0
2014-12-26,134.76818611221,135.01217837173002,134.27081727551,134.60865271176002,1233068.0
2014-12-29,134.5241938527,134.99340973638002,133.9517504746,134.51480953502,1364395.0
2014-12-30,134.19574273412,135.21863336055,134.19574273412,134.65557430013,1158803.0
2014-12-31,134.65557430013,135.25617063125,132.96639711886002,133.0227030249,1485064.0
2015-01-02,133.13531483699,134.33650749921998,132.14433089064,132.89132257747,1471736.0
2015-01-05,132.96639711886002,133.40746004953002,131.19276107853,131.380447432,1751693.0
2015-01-06,131.9528908101,134.13943682808,131.2396826669,133.11654620164,3187950.0
2015-01-07,133.82037002717,135.53770016146,133.595146403,135.43447266705,2171551.0
2015-01-08,136.59812805859,137.10488121296999,136.01630036282,136.59812805859,2937674.0
2015-01-09,135.58462174983,136.11952785723,134.40219772293997,134.49604089968,1714650.0
2015-01-12,134.74003315918998,135.28432358427,133.36992277883002,133.74529548578002,1344803.0
2015-01-13,133.44499732021998,135.51893152611,131.74643582128002,132.40333805844,2200910.0
2015-01-14,131.38983174968,131.57751810315,129.72880752142999,130.73292951252,2208252.0
2015-01-15,131.33352584364,131.53998083246,130.08541159303002,130.73292951252,1821110.0
2015-01-16,130.47955293533002,131.34291016131002,129.71003888607999,131.11768653713997,1784806.0
2015-01-20,132.05611830451,132.57225577657,129.84151317669,130.79861973623002,1836793.0
2015-01-21,130.30125089953,131.09891790179,129.86018796886,130.57339611206,1682887.0
2015-01-22,130.91123154832,132.58164009424,129.86957228654,132.57225577657,1897527.0
2015-01-23,132.87255394212,133.54822481463,132.19688306962,133.30423255512,1700402.0
2015-01-26,132.93824416584,134.24266432249,132.85378530678003,134.10659171622,1483318.0
2015-01-27,133.96113479228,134.00796253747,132.19688306962,132.3094948817,1786867.0
2015-01-28,132.8819382598,133.67960526206002,130.96753745436,131.0238433604,2017027.0
2015-01-29,131.53059651478,132.02796535149,130.35755680557,131.98104376312,1873432.0
2015-01-30,134.28020159318,134.94648814802,132.63794600028,134.18635841644,5169025.0
2015-02-02,135.13417450148998,137.22687734273,131.50244356176,137.01103803623002,4797524.0
2015-02-03,137.34887347249,144.41526468079,135.85676696237,144.28388423336,10302858.0
2015-02-04,142.71670318185,147.19302271221,142.70731886418002,146.32028116856,11006320.0
2015-02-05,145.00061157437,146.55245758453,143.0802021368,144.60295103427,6986697.0
2015-02-06,144.71933948503,145.43706826473,143.70103753124,144.22468856928998,2927362.0
2015-02-09,144.22468856928998,144.67084429721,142.40126950735,143.09960021192,2740244.0
2015-02-10,143.53605690228,144.01130974289,142.5758521835,143.75913476623998,1703408.0
2015-02-11,144.27050576773001,144.3580072538,142.4815864968,143.36632374491998,2295846.0
2015-02-12,143.90105504873,144.27050576773001,142.7829805044,143.65799536518,1712183.0
2015-02-13,144.11494757025,144.66912364875,142.86075960314,143.01631780061,1926835.0
2015-02-17,142.91909392719,143.51215955505,141.61629402336,143.43438045631,1541495.0
2015-02-18,143.07465212466002,143.3857685196,142.46214172212,143.14270883606,1540979.0
2015-02-19,142.82187005377,143.41493568163,142.39408501071998,142.59339395123,1273712.0
2015-02-20,142.5982551449,143.68716252721,141.84963131957,143.43924164998998,1596460.0
2015-02-23,143.89133266139,144.33856247912,142.94826108921998,144.27050576773001,1587309.0
2015-02-24,145.23302211458,145.25246688927,143.89133266139,144.09550279556998,1844184.0
2015-02-25,143.59966104113002,144.47467590191002,143.10381928669,143.3857685196,1603820.0
2015-02-26,142.98715063858,143.51215955505,142.14130293982998,142.57881037022,1892566.0
2015-02-27,143.46354761834,143.46354761834,141.78167183205,142.88020437782,3036187.0
2015-03-02,143.23021032213,144.36772964115,143.23021032213,143.83299833734,2108588.0
2015-03-03,143.83299833734,144.02744608418,142.58853275756002,143.27882225884,1514346.0
2015-03-04,143.73577446392,143.8718878867,141.73296267147,143.084374512,2208591.0
2015-03-05,146.58443395512,147.53722791463002,144.86357139559,146.9733294488,4471066.0
2015-03-06,145.1455206285,145.98164593991999,144.05661324620002,145.39344150573,3014895.0
2015-03-09,145.63163999559998,146.79832647664,145.3983026994,146.49693246904,1727892.0
2015-03-10,145.59275044624,145.98164593991999,144.03716847152,144.04689085886002,2128136.0
2015-03-11,144.21217144366997,144.85384900824,143.24965509682,143.30798942087,1734275.0
2015-03-12,144.26078338038,145.48580418547,143.30798942087,145.29135643863,1563991.0
2015-03-13,144.95107288166,145.74830864371,144.03716847152,145.13579824116002,1470086.0
2015-03-16,145.56358328421,146.80804886398002,145.13579824116002,145.82608774244,2532741.0
2015-03-17,145.24274450192,146.03025787663,144.30939531709,145.86497729181002,1972534.0
2015-03-18,145.83581012979,147.42055926653,144.13439234493998,146.73999215259,2773388.0
2015-03-19,146.80804886398002,147.29416823108,146.14692652473,147.10944287158998,1862908.0
2015-03-20,147.90667863363,148.89836214251002,147.53722791463002,148.35390845136,5859312.0
2015-03-23,148.89836214251002,149.29698002353,148.46085471212,148.68446962099,1666316.0
2015-03-24,148.70391439566998,149.94837997545,148.64558007161997,148.88863975517,1636999.0
2015-03-25,149.28725763619,149.68587551721,146.89555035006,146.89555035006,2266792.0
2015-03-26,145.17468779053002,146.58443395512,145.02885198040002,145.89414445384,1554789.0
2015-03-27,146.03998026397,147.02194138551002,145.85525490446997,146.29276233486,1329918.0
2015-03-30,146.72054737791,148.35390845136,146.61360111713998,148.13515473617,1463754.0
2015-03-31,147.62472940071,148.75252633238,147.05110854753,147.28930703741,1886112.0
2015-04-01,147.61500701337,147.65389656274,145.54413850953,146.06914742599,1795025.0
2015-04-02,146.29276233486,147.78028759818,146.1858160741,147.42055926653,1096109.0
2015-04-06,147.16777719563999,148.59696813491001,146.4191533703,148.26640696528,1767562.0
2015-04-07,148.29557412731,148.70391439566998,147.50806075261002,147.56639507666,1392314.0
2015-04-08,148.00390250705,148.4316875501,146.99277422347998,147.78028759818,1482950.0
2015-04-09,146.38998620828002,146.80804886398002,144.15383711962,144.67884603609,3401763.0
2015-04-10,145.25246688927,145.86497729181002,144.49412067658997,145.4809429918,1572920.0
2015-04-13,145.29135643863,146.16637129941003,144.79551468418998,144.88301617027,1120171.0
2015-04-14,144.86357139559,145.93303400321,143.61910581581,145.36913553737,1540864.0
2015-04-15,145.42746986142,146.4872100817,144.9121833323,144.93162810697999,1405557.0
2015-04-16,144.63023409938,144.7614863285,142.83159244111,143.02604018795,2680610.0
2015-04-17,142.51075365883003,142.65658946896002,139.12736286382,140.55655380308997,4369326.0
2015-04-20,142.57881037022,143.16215361074,141.70379550943997,142.24824920058998,2882070.0
2015-04-21,142.89964915251002,143.96911176012,142.53019843351,143.24965509682,1616723.0
2015-04-22,143.82327594998998,143.82327594998998,142.21908203857,142.89964915251002,1424247.0
2015-04-23,142.53019843351,143.84272072468,142.20935965121998,143.21076554745,1352575.0
2015-04-24,143.23993270948,144.28022815507,142.79270289174,144.00800130949,1421088.0
2015-04-27,144.18300428165,144.38231322216,142.7829805044,142.88020437782,1716996.0
2015-04-28,142.81214766643,143.10381928669,141.9954671297,142.53992082085,1302052.0
2015-04-29,142.22290476874,142.58362916389,140.26329386536,140.838503036,1719013.0
2015-04-30,140.24379524941003,141.26747258698998,138.96663590442,139.46385061125,2523216.0
2015-05-01,139.8635722383,142.08641445706002,139.62958884685,141.74518867786998,1505446.0
2015-05-04,141.74518867786998,142.54463193198,140.98474265566003,142.09616376504,1288750.0
2015-05-05,141.48195736249,142.08641445706002,140.67276480040002,140.87750026791,1769579.0
2015-05-06,141.70619144596,142.18390753683,140.39978417703998,141.14073158328998,1737330.0
2015-05-07,140.89699888387,141.95957596028,140.39978417703998,140.93599611577,2565148.0
2015-05-08,142.33989646446997,143.86078850888,142.14491030493,142.22290476874,1728677.0
2015-05-11,141.89142829751998,142.66162362771001,140.5850210286,140.65326618443999,1906719.0
2015-05-12,140.39003486906,141.36496566676,139.82262514479999,140.4582800249,1923886.0
2015-05-13,140.27304317334,141.6467206673,139.14212344799998,139.64908746281,2135920.0
2015-05-14,140.51677587276,140.51677587276,137.98195579874,139.02513175228,3023665.0
2015-05-15,139.62958884685,141.32596843486,139.16162206396,141.19922743115,2357005.0
2015-05-18,141.11148365936,141.6476955981,140.43878140895,141.42346151463002,1451924.0
2015-05-19,141.1797288152,141.85243106561,140.69226341635002,141.11148365936,1332707.0
2015-05-20,141.42346151463002,141.42346151463002,139.66858607876,139.89282016223,1640883.0
2015-05-21,139.77582846651,140.96495156046998,139.26398979772,140.3315390212,1539527.0
2015-05-22,140.29254178929,141.12610762133002,139.80507639043998,140.0780570138,1189460.0
2015-05-26,140.46802933288,140.78975649612,139.49309853518,139.65883677078997,2477397.0
2015-05-27,140.02931047391002,141.98892137728998,139.52234645911003,141.7744366018,2954072.0
2015-05-28,140.70201272433002,142.31064854053002,139.57109299899,140.64351687646,3206152.0
2015-05-29,140.17555009357,140.33738860599,138.21593919019,139.0153824443,3027050.0
2015-06-01,139.46385061125,139.65883677078997,138.34268019389,138.82039628476002,2183416.0
2015-06-02,138.41092534973,139.09337690812,137.35800008821002,137.85521479503998,1963529.0
2015-06-03,138.11844611042,138.93748547357,137.64073001953997,138.56691427736,1858446.0
2015-06-04,137.82596687111,138.92763867251,136.8120388415,137.12401669676,2898607.0
2015-06-05,137.21176046854998,137.28000562439,135.26189887315002,135.30089610506002,3203240.0
2015-06-08,135.42763710876002,135.42763710876002,134.55994869881002,134.58919662274,1879735.0
2015-06-09,134.46245561903,135.2813974891,134.35521323129,134.57944731476002,2039068.0
2015-06-10,134.85242793812,136.43181583039,134.79393209025,135.93460112356001,1725642.0
2015-06-11,136.13933659108,136.94852915317,135.70061773212,135.82735873581998,1342315.0
2015-06-12,135.57387672841003,135.80776262678,135.03766478968,135.30089610506002,1290728.0
2015-06-15,134.48195423498998,134.84755328413002,133.7117589048,133.78975336861998,1940600.0
2015-06-16,133.76050544469,134.7744334743,133.7117589048,134.52095146690002,1554245.0
2015-06-17,134.48195423498998,135.82735873581998,134.42345838713,135.39351453084,1508101.0
2015-06-18,135.99309697143,137.56273555573,135.72986565605,136.97777707711,2074140.0
2015-06-19,137.0655208489,137.93320925885,136.66579922184,136.78279091757,2758196.0
2015-06-22,137.30925354832,137.63098071157,136.56830614206999,136.67554852982,1415697.0
2015-06-23,136.91928122924,137.36774939619,136.03209420333,136.14908589906,1490375.0
2015-06-24,135.84685735177,136.35382136658,134.81343070621,134.87192655407,1965857.0
2015-06-25,134.97916894181998,136.40256790646,133.97499022018,134.00423814411002,1660924.0
2015-06-26,134.48195423498998,135.16440579338,134.08233010101003,134.59894593071002,2248898.0
2015-06-29,133.57526859313,134.36496253926,132.25911201623,132.28835994016,1963180.0
2015-06-30,132.96106219057,133.28278935382,131.35242637437,131.67415353761,2454294.0
2015-07-01,132.38585301993,133.14629904214,132.1421203205,133.06830457831998,1707275.0
2015-07-02,133.56551928515,133.76050544469,132.8635691108,132.97081149855,1149212.0
2015-07-06,131.7618973094,133.40953035752,131.67415353761,132.47359679171998,2450379.0
2015-07-07,132.88306772676,137.33850147226002,132.61983641138,136.97777707711,3789987.0
2015-07-08,136.47081306229998,137.00702500103998,135.77861219593,136.39281859848,2917687.0
2015-07-09,137.80646825514998,137.95270787481002,134.25772015152,135.95409973952,3318747.0
2015-07-10,138.15744334232,139.83422682129,137.63098071157,139.14212344799998,2847058.0
2015-07-13,140.25354455738,141.4332108226,139.90256947021,140.44853071692,1847844.0
2015-07-14,140.04880908987,140.67276480040002,139.566218345,140.32178971322,1512809.0
2015-07-15,140.32178971322,140.56552241264998,139.33710960754,140.02931047391002,1306690.0
2015-07-16,140.53627448872,140.86775095994,139.84407362235,140.7117620323,1148062.0
2015-07-17,140.50702656478998,141.25772327902,139.57109299899,141.0529878115,1842128.0
2015-07-20,140.95549473173,141.58919975023997,140.40963097809998,141.40396289867,1243630.0
2015-07-21,141.55020251833,141.75493798584,140.80925511207,141.30646981889998,1587849.0
2015-07-22,141.57945044226003,142.80786324736,141.38738907511,142.71037016758999,1612043.0
2015-07-23,143.16858764251,143.31482726216998,141.73543936988997,141.94992414538,1356889.0
2015-07-24,142.05716653313,142.27165130863,141.25772327902,141.35521635879,1272667.0
2015-07-27,141.15048089126998,141.25772327902,139.93181739413998,140.63376756849,1431288.0
2015-07-28,140.90674819184,141.07248642745,139.32736029957,140.9262468078,1376487.0
2015-07-29,141.16997950722,143.08084387071997,141.12552266285,141.73543936988997,1840544.0
2015-07-30,141.51120528642,142.20340615279,140.40953348501998,141.65744490607,1392698.0
2015-07-31,142.52513331603,142.52513331603,141.37471497474,141.65744490607,1386789.0
2015-08-03,142.12541168897,142.44713885221,141.02373988757,141.87192968157,1328134.0
2015-08-04,141.47220805451,142.16440892088002,140.57527172062998,141.20897673913,1315321.0
2015-08-05,142.17415822886002,143.35382449408002,141.99867068527,143.20758487442,1685044.0
2015-08-06,143.46106688182,143.89003643281,142.32039784851003,142.76886601545,1947982.0
2015-08-07,142.35939508042,142.76886601545,140.73126064826,141.61844767417,1229423.0
2015-08-10,142.63237570378,143.11009179465,142.02791860920001,142.58362916389,1072609.0
2015-08-11,141.63794629012,142.6226263958,141.37471497474,142.23265407672,1260686.0
2015-08-12,141.7020917984,143.43243124292,140.13794314798,143.20758487442,1963803.0
2015-08-13,143.08049779657,143.68650763931998,141.92693816688998,142.01492152848,1114191.0
2015-08-14,141.63366029494,143.13915337096,141.63366029494,142.81654771182,1210404.0
2015-08-17,141.89761037969998,142.96318664779,141.73141958558998,142.81654771182,912619.0
2015-08-18,142.88497921527,143.19780894536,141.8682825925,142.36685497482,1099071.0
2015-08-19,142.13223267726002,142.66990877583999,140.42144509087,141.91716223783,1437093.0
2015-08-20,141.0568804801,141.63366029494,140.08124275941003,140.48987659433,1785120.0
2015-08-21,139.03326316363,140.11839128985,135.87563807561,135.87563807561,3611352.0
2015-08-24,129.01293587192,134.0866430567,114.40769784868,129.99052877843,5205772.0
2015-08-25,133.71515775222,135.27930640264,129.67769904834,129.73635462273,4645092.0
2015-08-26,133.06017050486,135.18154711199,130.3620140829,135.0642359632,3094874.0
2015-08-27,137.32247557724,137.59620159106,134.5070080065,137.06830142155002,2603075.0
2015-08-28,136.61860868455,137.15628478313,135.53348055833,136.81412726586,1850887.0
2015-08-31,136.12981223129998,137.08785327968,135.40639348048,136.91188655651,3005697.0
2015-09-01,134.49723207743,136.76524762053,134.4191224042,135.20109897012,2968167.0
2015-09-02,136.69681611707,137.71351273983998,135.3184101189,137.27359593191002,1810859.0
2015-09-03,137.7819442433,138.52491485224,136.95881101601998,137.3322515063,1615613.0
2015-09-04,135.68989542337,136.33510674167,135.08378782134,135.37706569328998,2124589.0
2015-09-08,137.3909070807,138.30984441281,136.00272515345,138.26096476748998,1637968.0
2015-09-09,139.16035024148002,139.16035024148002,136.26667523821,136.5501771811,1390773.0
2015-09-10,135.92451772093,137.80149610143,135.87348737121,136.87278284024998,1350689.0
2015-09-11,136.7163679752,138.03611839898997,136.15914001848998,137.88947946301002,1452938.0
2015-09-14,138.01656654086,138.23652494482,137.09762920874,137.98723875367,1123759.0
2015-09-15,138.15342954777,139.75668191444998,137.09762920874,139.238557674,1349715.0
2015-09-16,139.02348723456,140.63651553030002,138.57574968338002,140.39211730368,1374511.0
2015-09-17,140.67561924656,141.79007515998,139.95220049575002,140.13794314798,1535284.0
2015-09-18,138.95505573111,141.10576012543,138.52491485224,138.63245007196002,2833921.0
2015-09-21,139.17012617054,140.55830809777999,138.90617608578,140.00108014107,1004810.0
2015-09-22,138.64222600103,139.74690598538,137.65485716545,139.45362811343,1787227.0
2015-09-23,140.2454783677,142.36685497482,139.45362811343,142.17133639352,2310212.0
2015-09-24,141.13508791261998,142.16156046446002,140.43122101993998,141.62388436588,1974868.0
2015-09-25,142.67968470491002,143.60839796609,141.76074737279,142.2886475423,1845691.0
2015-09-28,142.13223267726002,142.53304576893,140.07928757359,140.33346172928998,2506451.0
2015-09-29,139.83488934697,140.90535357958998,139.06259095081998,140.49965252338998,2513094.0
2015-09-30,140.32368580022,141.7020917984,139.68825041098998,141.31105463579,2475659.0
2015-10-01,141.60433250775,141.60433250775,139.30698917745002,141.32083056486,2657336.0
2015-10-02,140.04018385733,142.64058098865,139.00393537643,142.59170134331998,2591476.0
2015-10-05,142.96318664779,144.89393263815,142.7383402793,144.7521816667,2272955.0
2015-10-06,144.83038909921999,145.3680651978,144.05809070308,145.08456325492,2127776.0
2015-10-07,145.38761705593,145.97417279984,144.12652220654,144.64464644698998,2340843.0
2015-10-08,144.30248892971,148.30084391732998,144.30248892971,148.26174020107,2370850.0
2015-10-09,147.38190658521003,150.80348175799,147.06907685513,150.51997981510002,3715461.0
2015-10-12,150.51997981510002,151.01855219741998,149.65969805738,150.18759822689,1200133.0
2015-10-13,149.79656106429,150.61773910575002,148.80919222871,148.8678478031,1493652.0
2015-10-14,148.8971755903,149.34686832728997,145.75910236041,146.48252111122,3044929.0
2015-10-15,147.45033808866998,148.49636249863002,146.85400641569998,148.36927542078,1696962.0
2015-10-16,148.90695151936,149.54238690859,147.8902548966,148.65277736367,1647541.0
2015-10-19,148.64300143461,149.95297592933,148.51591435676,149.78678513522,1543687.0
2015-10-20,150.27558158848,151.40958936003,149.72812956083,151.09675962993998,1875733.0
2015-10-21,151.33138192751002,152.44583784091998,150.85236140331997,151.73219501917,1812409.0
2015-10-22,151.94726545861,154.79206081655002,151.60510794133,154.60631816431,2192364.0
2015-10-23,155.14399426289,155.23784318191002,151.43891714722,152.25031925962,2273369.0
2015-10-26,148.65277736367,153.88289941348998,147.87070303847,153.21813623706998,2499998.0
2015-10-27,153.74603640658,154.75295710027999,152.07435253645,154.22505693077,1675064.0
2015-10-28,153.97088277508,154.39124772488,152.02547289113002,154.22505693077,1778775.0
2015-10-29,153.54074189621,154.83116453281,153.02261765576,154.73340524215,1546971.0
2015-10-30,154.45967922833,155.82830929744,153.77536419378,154.57699037711,2050031.0
2015-11-02,155.42749620578002,155.74032593586,154.11752171105,155.58391107082,1260658.0
2015-11-03,154.85071639094,155.65234257427,153.85357162629998,155.24175355353998,1531102.0
2015-11-04,155.43727213484,155.4617119575,153.38432703117,153.6287252578,1653072.0
2015-11-05,150.69594653827,153.29634366959,150.56885946043002,152.76844350007,2550323.0
2015-11-06,152.9835139395,154.42057551207,152.18188775617,154.0197624204,1749784.0
2015-11-09,153.29634366959,153.57984561247,150.44177238258,151.68331537385,2291054.0
2015-11-10,152.04182464972,153.34534831879998,151.52237536806,153.29634366959,1701804.0
2015-11-11,152.87490368635,154.29603851353997,152.09082929893998,153.2767418099,1865640.0
2015-11-12,153.01211670415,153.85499667062,152.30292142073,152.89450554604,1657385.0
2015-11-13,151.98301907067,152.15943580783002,150.17964797961,150.61088889268999,2459917.0
2015-11-16,150.74810191049,153.35514924863998,150.18944890945,153.33554738896,1778398.0
2015-11-17,154.21763107479998,156.73647004437,153.89420038998998,155.72697427058,2499561.0
2015-11-18,155.72697427058,158.18700766108998,154.68317524233,158.03999371345,2152039.0
2015-11-19,158.47123462653,159.95117503278,158.22621138046,159.58854062860001,2959265.0
2015-11-20,160.89206429768,161.19589312280002,159.51013318986,159.85316573435,2051047.0
2015-11-23,160.27460571759,160.63724012177,159.49053133017,160.19619827884,1174280.0
2015-11-24,159.02988762756002,160.65684198145001,157.79497046738,158.96128111866003,2799458.0
2015-11-25,158.81426717102,159.75084402679,157.93218348518,159.15729971552,1828003.0
2015-11-27,159.86296666419,161.13708754374,159.25530901395,160.3236103668,866279.0
2015-11-30,160.90186522751998,161.16649033327,157.58915094069,158.20660952078,3063831.0
2015-12-01,158.79466531134,159.79436015528998,157.54014629147,158.07919743282,1939747.0
2015-12-02,158.49083648622,159.20630436473,157.43233606319998,157.88317883597,1585668.0
2015-12-03,161.23509684216998,162.79344468716002,160.05898526105,160.41181873538,3439954.0
2015-12-04,160.8528605783,163.91075068923,160.74505035004,163.47950977615,2578560.0
2015-12-07,163.99895905781,164.16547685583998,162.25439354581002,163.79313953111,2791904.0
2015-12-08,163.42070419709,166.35118222006,162.56802330078,165.50830225357998,3158481.0
2015-12-09,159.48073040033,160.62743919192,155.07031197111,156.54045144751998,9527026.0
2015-12-10,157.72636395849,160.15699455946998,157.4137142965,158.63785043386002,3653253.0
2015-12-11,156.55025237736,157.99098906424,156.18761797318,156.8344793428,2511206.0
2015-12-14,156.9030858517,158.65745229354,156.2366226224,158.61824857417,2434039.0
2015-12-15,160.06878619089,160.48042524428,157.52054443179,158.07919743282,2378746.0
2015-12-16,158.72605880244,160.00292394235,156.81487748311,159.5199341197,2196261.0
2015-12-17,159.20630436473,160.3236103668,157.40293327368,157.48134071241998,1704232.0
2015-12-18,156.60905795642,157.48134071241998,154.46265432087,154.56066361928998,4295780.0
2015-12-21,155.64856683183,156.25622448208,154.19802921512,156.21702076271,1453487.0
2015-12-22,156.71686818469,158.17720673125,155.86418728837,158.02039185376998,1742060.0
2015-12-23,159.19650343489,159.19650343489,157.57935001084,158.49083648622,1580959.0
2015-12-24,158.62804950401002,159.09849413646,158.22621138046,158.53004020558998,491044.0
2015-12-28,157.8439751166,159.02988762756002,157.20691467682,157.95178534487,1124723.0
2015-12-29,158.67705415323,159.9805778223,158.3047168285,159.42192482126998,1169600.0
2015-12-30,159.71595271655002,160.19619827884,159.27491087363,159.47092947048,889858.0
2015-12-31,158.85347089040002,160.73524942019,158.28501695952,158.28501695952,1873399.0
2016-01-04,156.6286598161,156.91288678153998,154.7223789617,156.36403471035,2640789.0
2016-01-05,156.98149329044,158.0184316678,156.27582634177,156.74627097421998,2127674.0
2016-01-06,155.20752498891,156.61885888626,154.4920571104,155.2957333575,2033414.0
2016-01-07,151.76739861413,153.93340410936,150.49327773458,151.73799582459998,3826032.0
2016-01-08,152.18883859736,152.20844045705,148.78791594195,149.08194383723,3156190.0
2016-01-11,149.26816150424,152.85530182667,149.09174476707,151.63998652617,2164781.0
2016-01-12,152.61027858059998,153.31594552927,151.85560698271001,152.94841066017,2215581.0
2016-01-13,152.86510275651,152.91410740572,148.85652245084998,149.09174476707,2157501.0
2016-01-14,148.93492988959,151.09113445498002,148.3174713095,150.1306433304,2281478.0
2016-01-15,146.31808162158998,148.50368897651,145.29878491795,147.39618390428998,2975372.0
2016-01-19,148.76831408226002,148.97413360896002,146.60230858703002,147.47459134303003,2242568.0
2016-01-20,145.50460444464,147.01394764041999,142.02527435049,145.85743791898,3796826.0
2016-01-21,146.00445186661997,148.22926294091002,145.16157190015,147.38638297443998,2212441.0
2016-01-22,149.15055034613002,150.65009261206,148.63110106446,150.63049075237,2544068.0
2016-01-25,151.00292608639998,151.40476420995,147.5574092002,147.77842016815,1820623.0
2016-01-26,147.77842016815,148.69970757336,145.34788757646,145.54380816402,2828570.0
2016-01-27,146.31808162158998,146.61210951687,143.79924265201998,144.78913656613,2189485.0
2016-01-28,145.59281281323,146.98454485089,144.86754400486998,146.61210951687,2076251.0
2016-01-29,146.52390114828998,148.60169827494,143.98546031903,148.1116517828,3221346.0
2016-02-01,147.83722574721,149.16035127597002,147.20016530743,148.23906387076,2142044.0
2016-02-02,147.00414671058002,147.78822109799,145.16157190015,145.54380816402,1931427.0
2016-02-03,146.30828069174999,146.99434578073,142.55452456199,143.77964079232999,2547038.0
2016-02-04,142.11348271907,142.2485395323,138.96738423956998,140.42772278613,5340490.0
2016-02-05,140.41792185629,142.30950131593,139.56524095997,141.12358880496,4079344.0
2016-02-08,139.89847257462,144.61271982896002,138.80076843223998,144.0932705473,3782043.0
2016-02-09,143.32879801957,146.73952160482,143.31899708972,144.99495609282,3228334.0
2016-02-10,146.79202162111,147.57821441282,145.03291524968,145.4948035148,2189557.0
2016-02-11,144.59068180434,145.82893545128,142.26158565892,144.11896612932,2198097.0
2016-02-12,145.42601164553002,146.69374752215,144.46292547568999,146.08444810858,1951826.0
2016-02-16,146.77236680132,148.04108541893,145.15084416843,146.53650896381,2186423.0
2016-02-17,147.16546319717,149.35697560405,146.33996076588002,148.30544274515,2174598.0
2016-02-18,146.5561637836,147.25361506394,144.28603209756,146.08444810858,2894302.0
2016-02-19,146.42840745495002,146.5659911935,144.31551432725,146.13358515806001,2471711.0
2016-02-22,147.04753427842,147.58804182272,145.92720955023998,147.47011290396003,2161275.0
2016-02-23,147.30304693571998,149.14077258633,146.54633637371,147.76493520085,1850645.0
2016-02-24,147.44063067427,151.74493793475,147.07554239662,151.21435607445,2590074.0
2016-02-25,152.02020368594998,152.20692447398,150.22178767493,152.04968591564,1746889.0
2016-02-26,150.44781810254,150.76229521922,146.19254961744,147.0966713279,3800789.0
2016-02-29,147.40132103469,149.67145272073,147.1064987378,147.44063067427,3123546.0
2016-03-01,147.80424484043002,148.59043763213998,146.80184903101002,147.92217375918997,2681404.0
2016-03-02,148.52164576286,150.31023436399,147.79441743054,150.15299580565,2947574.0
2016-03-03,145.99600141951,149.33682941376,144.83636705175,148.98353402799,5552633.0
2016-03-04,149.12111776653998,149.14961725523997,147.44063067427,148.29561533525,2155572.0
2016-03-07,147.371838805,148.28578792535,145.05257006947,145.61273243356,3165743.0
2016-03-08,145.11153452885,149.29801114467,144.56119957465,148.34475238473,3079305.0
2016-03-09,148.73784878058,150.85074190829,148.698539141,150.40850846295,2395294.0
2016-03-10,150.56574702129998,152.02020368594998,148.44302648369,150.23161508482,1413364.0
2016-03-11,151.19470125466,151.34201412901,148.78698583006002,150.07437652648,1829936.0
2016-03-14,149.63214308115,150.65419371036,149.03267107746998,150.0350668869,1218407.0
2016-03-15,149.18008222592,151.75486361875,149.18008222592,151.51900578124,1399036.0
2016-03-16,151.04729010621,152.32485339273,149.99575724731,151.40107686248,1485483.0
2016-03-17,151.16521902496999,152.06934073543002,150.93918859736,151.18487384476,1583525.0
2016-03-18,151.91210217709,152.03003109584998,150.13334098586,150.50678256192,3611696.0
2016-03-21,150.18247803533998,151.68607174947,149.83851868897,151.28314794373,1367376.0
2016-03-22,150.56574702129998,151.15047791013,149.37663042384,149.60266085146003,1943110.0
2016-03-23,149.55352380198,151.27332053383,149.02284366758002,150.86056931819,2127269.0
2016-03-24,150.59522925098,151.42073168227,148.24647828577,148.81646805975,2506494.0
2016-03-28,149.18008222592,151.28314794373,149.16042740612,150.0350668869,1767422.0
2016-03-29,150.13334098586,152.77691424796,149.88765573844998,152.58036605004,1655948.0
2016-03-30,153.2191476933,155.50893419914,152.96363503599,154.87997996577,2642666.0
2016-03-31,155.23376672203997,157.04201014296,154.8013606866,154.86032514598,2692398.0
2016-04-01,155.14532003296998,156.34131581735,154.29033537200002,155.51876160903,1531803.0
2016-04-04,155.94134023457,156.24598994136002,153.75975351168998,155.00773629443,1458737.0
2016-04-05,155.16497485277,155.27307636163,153.02751320032,153.29776697247,1855613.0
2016-04-06,153.12087359433997,154.69325917773998,152.54105641045,154.06430494437998,1572623.0
2016-04-07,151.75486361875,151.91210217709,148.86560510924,149.40611265353002,4050063.0
2016-04-08,150.33971659368,150.33971659368,148.31527015504,149.03267107746998,2008484.0
2016-04-11,148.72802137069,149.31766596447,146.39401152031,146.47754450443,2278997.0
2016-04-12,147.01805204873,148.07941231753,145.94686437003,147.92217375918997,2268547.0
2016-04-13,148.9540517983,149.45524970301,147.99096562846,149.25870150509,2079230.0
2016-04-14,149.95644760771998,150.27092472441,148.53147317276,148.78698583006002,2419999.0
2016-04-15,149.33732078426002,151.15539161507,149.21840912451,150.52643738171002,2675923.0
2016-04-18,150.14316839575,151.05711751611,149.64197049103998,150.65419371036,1335762.0
2016-04-19,151.12590938539,151.24383830413998,149.85817350876002,151.02763528642,1579018.0
2016-04-20,151.06694492601002,151.23401089424,149.96627501761998,150.10385875616998,1308764.0
2016-04-21,149.85817350876002,150.09894505122,148.08923972743,148.80664064986001,2097632.0
2016-04-22,148.44302648369,149.18990963581,146.78219421122,147.33252916541,2233857.0
2016-04-25,147.39149362478997,149.06215330716,146.89029572008002,148.89508733892,1248994.0
2016-04-26,149.45524970301,150.80160485881,149.05232589726,149.96627501761998,1552867.0
2016-04-27,150.05609121133,150.32123236041,148.43961729129,149.59283344156,1492820.0
2016-04-28,149.82939060059,151.44586452063,148.97187089911,149.2675673479,2198415.0
2016-04-29,147.85808094201,148.81416612642,145.34466112732,146.00504986293998,3588825.0
2016-05-02,146.62601240539,149.24785425131,145.63050102781,148.76488338496,3361454.0
2016-05-03,147.92707678006,150.34193111182,147.45396246200002,149.23799770302,2201284.0
2016-05-04,147.96650297323,149.81953405229999,147.29625768931,149.33656318594998,2111578.0
2016-05-05,146.84285646784,148.22277322885,144.27029736339,145.71920996245,4869255.0
2016-05-06,144.9503991956,145.38408732049,142.66367999164,144.33929320144,3692230.0
2016-05-09,144.72369858486,146.83102860988998,144.40828903949,146.45845108441003,2843904.0
2016-05-10,147.23711839956002,147.82851129713,146.61615585709998,147.41453626883,1943901.0
2016-05-11,146.26132011856,146.55701656733999,144.47728487754,145.00953848536003,2812658.0
2016-05-12,145.20666945121,145.6502141244,144.22101462192,144.61527655363997,2860594.0
2016-05-13,144.23087117021998,144.61527655363997,142.22999186675,142.42712283261002,2993616.0
2016-05-16,142.42712283261002,144.47728487754,141.34290252039,143.6986175624,2614957.0
2016-05-17,143.4127776619,144.14216223558,141.16548465111998,141.54003348625,2928857.0
2016-05-18,138.16909397007,139.62786311743,136.58218969491,139.26317083058998,5716998.0
2016-05-19,140.40653043257,141.02749297501998,139.3913059584,140.65294413989,2830546.0
2016-05-20,140.68251378476998,141.44146800331998,139.98269885597,140.6430875916,2089035.0
2016-05-23,140.79093581599,141.93429541797,139.87427682475,139.97284230768,1828386.0
2016-05-24,140.52480901208,141.42175490674,140.33753459452,140.52480901208,2813053.0
2016-05-25,140.57409175354,143.59019553118,140.46566972232,142.46654902578,4166923.0
2016-05-26,146.87242611272,151.67256513137,145.58121828635,147.56238449321998,7679440.0
2016-05-27,148.08478155275,148.60717861227,145.98533676635,146.94142195077,3349772.0
2016-05-31,147.42439281712,147.7299458142,145.5122224483,146.63586895369,3738873.0
2016-06-01,148.34105180836,150.80518888159,148.16363393908998,150.33207456353,3487293.0
2016-06-02,147.89750713518,149.33656318594998,146.41902489123999,149.33656318594998,3957636.0
2016-06-03,148.1439208425,149.60268998985,148.11435119761998,149.5336941518,1964223.0
2016-06-06,149.65197273132,150.30250491865,149.53477837212,150.05609121133,1962091.0
2016-06-07,149.89838643864,151.64299548648998,149.72106713485002,150.43064004646,2113045.0
2016-06-08,150.48977933622,151.26844665136002,149.86881679376,151.16988116843,1528305.0
2016-06-09,150.80518888159,151.92883538698,150.72633649525,151.84012645235,1812097.0
2016-06-10,150.80518888159,152.92434676456998,150.74604959183,152.64836341237,3266487.0
2016-06-13,152.53994138113998,153.72272717629,152.3479358204,152.72721579871,2576602.0
2016-06-14,152.33295386698998,154.11698910801002,151.36701213428998,153.63401824166002,3274725.0
2016-06-15,153.46645692068,154.53096413631002,152.44137589821,152.63850686407,2228482.0
2016-06-16,152.63850686407,154.25498078411002,151.8992657421,154.17612839777001,1937877.0
2016-06-17,154.77737784363,154.99422190607999,153.52559621043002,153.65373133824,2858208.0
2016-06-20,155.12235703389,156.10801186318,154.20569804265,154.23526768751998,2091170.0
2016-06-21,154.81680403681003,155.63489754512,154.4126855568,154.94493916461,1909688.0
2016-06-22,155.34905764462,156.14743805635,154.90551297144,155.85174160756,2094764.0
2016-06-23,156.32485592562,156.51213034319,154.09727601142,154.77737784363,2912400.0
2016-06-24,150.96289365428,155.42781146548,150.90375436451998,153.32846524458,3996146.0
2016-06-27,152.02740086991002,152.70750270212,150.36164420841,152.0471139665,2794208.0
2016-06-28,152.44137589821,153.69315753141,151.50500381039,153.36789143775,2156326.0
2016-06-29,154.19584149435,155.02379155096,153.65373133824,154.8266605851,1942864.0
2016-06-30,154.70838200558,155.55604515877,153.26932595482,154.78723439193,3091123.0
2016-07-01,154.93508261632,154.93508261632,153.17076047189,153.87057540068997,2317430.0
2016-07-05,153.84100575581002,153.91000159386002,152.48109778783,153.0229122475,2807408.0
2016-07-06,152.97362950603,154.30426352556998,152.45123244651,153.77200991776002,2133816.0
2016-07-07,156.05872912171,161.80509677648,155.73346302805,161.35169555501002,6497912.0
2016-07-08,162.4753420604,163.71726714531,162.13036287014998,163.06673495798,3932031.0
2016-07-11,162.69218612283998,165.08732735802,162.69218612283998,164.32837313947,2634273.0
2016-07-12,164.10167252873,164.5279682424,163.44138235859,163.89468501458,1644614.0
2016-07-13,164.60435649167,164.78670263509,163.63841475896,164.38751242923001,1479772.0
2016-07-14,164.75220471606002,165.59001132096,163.89468501458,164.54521720191002,2150083.0
2016-07-15,165.03804461656,165.03804461656,163.22443973066,164.02282014238997,1962460.0
2016-07-18,164.17066836678,165.45201964486,163.53984927603997,165.10704045461,1993806.0
2016-07-19,165.09718390632,166.14503355533998,164.98876187508998,165.70828990048,1487776.0
2016-07-20,165.83642502828002,165.84628157658,164.55507375021003,165.62943751413,1336877.0
2016-07-21,165.02818806827,165.34359761364,163.91439811117,164.65363923313,1384561.0
2016-07-22,165.27460177558999,165.29421630668998,164.5649302985,165.06761426143999,1335064.0
2016-07-25,164.77191781265,165.78714228682,164.0129635941,165.56044167608,1732226.0
2016-07-26,165.19574938924998,166.39824828098,164.30866004288,165.16617974437,1593919.0
2016-07-27,164.76206126436,165.09718390632,163.37228795506002,163.76654988677,1439996.0
2016-07-28,163.87497191799,164.46636481557,163.42157069652,163.96368085263,1866549.0
2016-07-29,164.24952075312999,165.27460177558999,163.99325049751002,164.82120055411002,1359664.0
2016-08-01,164.75220471606002,165.59001132096,164.50579100873998,165.15632319607,986769.0
2016-08-02,164.67335232972,165.13661009948999,162.22892835308,164.11152907702,2107487.0
2016-08-03,163.53984927603997,163.94396775604,162.73161231602,163.73698024189,1837821.0
2016-08-04,163.65812785555,165.33374106535,163.51027963116002,164.16081181849,1638320.0
2016-08-05,164.46636481557,165.91527741463003,163.69755404872,165.29431487217,1526578.0
2016-08-08,164.85077019898998,165.14646664778,164.08195943215,164.99861842338998,1294445.0
2016-08-09,165.33374106535,166.18140421854,164.48607791216003,165.45201964486,1286679.0
2016-08-10,165.47934903202,166.52693688423,165.09391576564,166.31939589464,1104292.0
2016-08-11,167.12979404446,167.60417344923,165.37063708508998,165.91419681973,1498052.0
2016-08-12,165.20262771257,167.42628117243999,165.20262771257,167.06061371459998,1399053.0
2016-08-15,167.06061371459998,167.28792051272,166.61588302261998,166.75424368235,918631.0
2016-08-16,165.91419681973,166.82342401221,165.91419681973,166.43799074583,1022989.0
2016-08-17,165.48923193628,166.3885762245,164.96543801018,165.99326005386,1382531.0
2016-08-18,166.4478736501,166.73447787381,165.24215932963,165.78571906427,1353380.0
2016-08-19,165.2520422339,166.3589275117,165.14333028696998,166.05255747945,1764785.0
2016-08-22,166.36881041597,166.71471206528,165.65724130881,165.97349424531998,954979.0
2016-08-23,166.12173780931002,166.4775223629,165.35087127656,165.40028579789,1004399.0
2016-08-24,165.18286190403,165.91419681973,164.80731154192,165.60782678748,1363847.0
2016-08-25,165.24215932963,165.44970031922,162.7121358375,162.92955973136003,1817656.0
2016-08-26,163.45335365746,163.70536771625,161.55583603836,162.01044963461,2009899.0
2016-08-29,162.54412646498002,162.90485247068997,161.4866557085,162.05986415594,1819224.0
2016-08-30,162.14881029433002,162.35635128392,159.84609360032,160.06351749418002,2010862.0
2016-08-31,159.97457135578,160.66637465441002,159.26300224861998,160.19199524964,1933921.0
2016-09-01,157.13817783141002,157.13817783141002,153.71869295533,154.38084754116002,6038471.0
2016-09-02,154.97382179712,157.41489915086,154.96393889286,156.13012159626,2678993.0
2016-09-06,156.27836516025,156.29813096879,154.1930723601,156.20918483039,2716916.0
2016-09-07,155.79410285121,156.02140964933,153.5803322956,153.81752199798999,2984148.0
2016-09-08,153.37279130601001,153.66917960495002,151.14913784613,151.67293177224,2993129.0
2016-09-09,150.80323619682,151.00089428214,148.93536729052,148.93536729052,2993874.0
2016-09-12,148.7377092052,150.21026194085,148.50051950281,149.91377481286997,2982397.0
2016-09-13,149.40974669530002,149.80506286594,148.31274432176,148.97489890759,2148605.0
2016-09-14,148.94525019479,150.46721745177,148.44122207722,148.92548438626002,2218020.0
2016-09-15,148.95513309905002,151.17878655893,148.35227593882,150.88229943094998,2304866.0
2016-09-16,150.18061322805,150.87241652668,149.37021507823,150.56604649443,2841961.0
2016-09-19,150.34862260058,151.23808398453002,149.82482867446998,150.01260385553002,1321281.0
2016-09-20,150.64510972856002,150.92183104801,149.89400900433998,150.38815421764,1396739.0
2016-09-21,150.80323619682,151.10960622906998,149.47892702516,150.91194814375,1535134.0
2016-09-22,151.23808398453002,152.47344701779,150.89218233521,151.35667883571998,2502180.0
2016-09-23,151.35667883571998,151.96941890022,150.38815421764,150.74393877122,2282062.0
2016-09-26,150.29920807924998,150.49686616456998,149.24173732277,149.41962959956,1862192.0
2016-09-27,149.64693639768,149.99283804700002,148.24356399189,148.68829468387,2569036.0
2016-09-28,148.83653824786,148.90571857772,147.19597613968,147.66047264019,2626347.0
2016-09-29,147.44304874634,147.93719395963998,145.47635079738,145.76295502109,4501330.0
2016-09-30,150.01260385553002,153.03677256096,149.82482867446998,150.72417296268998,7318123.0
2016-10-03,150.43756873897,150.46761276793998,148.55981692841002,149.24173732277,3197870.0
2016-10-04,149.69635091901,149.84459448299998,147.73953587431998,148.71794339667,2840515.0
2016-10-05,148.86618696066003,149.15279118438,148.07555461937,148.22379818336,2377677.0
2016-10-06,148.47087079001003,148.87606986492,147.25527356528,147.71977006579,2465730.0
2016-10-07,148.01625719377,148.43133917295,147.04773257569,148.23368108763,2282456.0
2016-10-10,148.58946564121,149.08361085451,147.99649138523998,148.52028531134,1587748.0
2016-10-11,147.91742815111,149.37021507823,147.76424313498998,149.24173732277,2596769.0
2016-10-12,149.20220570571,149.71611672755,148.62899725827,148.69817758813,1664505.0
2016-10-13,148.17438366203,149.56787316355,147.96684267243998,148.46098788575,1795261.0
2016-10-14,148.42145626868,149.23185441851,147.53199488472998,148.39180755588,1745010.0
2016-10-17,148.32262722602,148.44122207722,146.88960610743,146.9587864373,1988411.0
2016-10-18,147.75930168285,147.86801362978,146.67218221358,147.36398551221,1847783.0
2016-10-19,148.93536729052,149.54810735502,147.56164359753,147.70000425726002,1812698.0
2016-10-20,148.09532042790002,149.01443052465,147.84824782125,148.28309560896002,2251749.0
2016-10-21,147.75930168285,148.53016821561002,146.76112835196997,147.22562485248002,2188029.0
2016-10-24,147.60117521459,150.53343291035,147.54187778899998,150.33873969631,2432848.0
2016-10-25,148.14473494923,150.19049613232,148.14473494923,149.22197151424,2060648.0
2016-10-26,148.58946564121,149.63705349341998,148.52028531134,149.21208860997,2246137.0
2016-10-27,149.06384504598,149.68646801475,148.0656717151,149.09349375878,1993467.0
2016-10-28,148.6784117796,149.09349375878,147.63082392739,148.00637428951,1843867.0
2016-10-31,147.14656161834998,147.60117521459,145.37752175472,146.13850538321,3239395.0
2016-11-01,146.74136254344,146.88960610743,144.66644679277002,144.94267396701,2112003.0
2016-11-02,145.16058433731,146.06269546036,144.85327175694,145.0019713926,2260450.0
2016-11-03,145.42824368151,145.42824368151,142.89043656613998,143.19774914652,2168211.0
2016-11-04,141.76031933508003,143.74298114396,140.87803483013,141.00690784771,2702134.0
2016-11-07,142.13702507877,142.40964107749,141.51248660897,142.29563802348,3010110.0
2016-11-08,142.64260384003,145.3588505182,142.55338405863,144.8235318298,3506032.0
2016-11-09,142.29563802348,146.11226200558,142.29563802348,145.51746346291,3170343.0
2016-11-10,145.78512280711,148.69963566617,145.33902390011002,145.42824368151,3944245.0
2016-11-11,145.33902390011002,148.32292992248,144.11968688765,148.06518388733,3218641.0
2016-11-14,149.61166009825,150.81959680532,148.20397021395002,150.68229747504998,3891171.0
2016-11-15,150.66247085696,150.68229747504998,148.98712162846002,149.83966620628001,2799914.0
2016-11-16,150.87065034689,151.22752947248998,150.4815529669,150.82108380167,2152344.0
2016-11-17,149.91897267863,150.08749893239,148.25353675917,149.8892327515,2098730.0
2016-11-18,149.53235362590002,149.8892327515,148.22379683204,149.05651479177,2020489.0
2016-11-21,149.24486766361,149.9784525329,148.82137110123,149.85949282436002,1181701.0
2016-11-22,150.61290431174,151.72309579161998,149.89914606053998,151.34648918103,1954907.0
2016-11-23,151.42579565338002,152.010680887,149.86940613341002,150.28576511327,2166990.0
2016-11-25,150.57325107556002,152.08998735936,150.39481151276001,150.56333776652,886780.0
2016-11-28,149.74053311583,151.10856976396002,149.70087987965,149.93879929672,1733530.0
2016-11-29,150.30559173136,150.90227380275,150.01810576908002,150.16680540474,1496879.0
2016-11-30,149.81983958818998,150.22132860449,148.76902882948,148.80868206566,2750474.0
2016-12-01,148.80868206566,151.55466867096,148.80868206566,150.4245514399,2305596.0
2016-12-02,150.67238416601,151.54475536191,150.11723885952,150.77151725645,1829242.0
2016-12-05,150.77151725645,150.90534692855,149.47287377163,150.45429136703,2432110.0
2016-12-06,150.53359783938,150.76160394741,149.11599464603,149.70087987965,2245402.0
2016-12-07,149.29443420883,152.57573950253,149.1754745003,152.51625964827,2811286.0
2016-12-08,155.28207287166,159.50514252458,155.24241963548,156.22383723088,5504300.0
2016-12-09,155.91652465049998,158.44441845682,155.89669803241,158.31554543925,2615294.0
2016-12-12,157.22508144436,159.88184826826,157.18542820818,158.94008390905,2299179.0
2016-12-13,159.45557597935,160.63030310112,157.76040013276,158.38493860256,3583322.0
2016-12-14,158.6625112558,159.05904361758002,156.87811562781,157.61170049709,2119086.0
2016-12-15,157.96857962269,160.09994106724,157.69100696945,158.72199111007,1811162.0
2016-12-16,159.09869685376,159.85210834113002,158.46424507491002,159.0193903814,3767084.0
2016-12-19,160.60551982851,163.1036737077,160.24864070291,162.04294963995,3231875.0
2016-12-20,162.89549421777,163.52003268756002,162.08260287612,162.43948200172,2204617.0
2016-12-21,162.18173596657,162.60800825548,161.60676404199,161.62659066008,1313424.0
2016-12-22,162.24121582083,162.25112912988,160.51630004711,160.66499968277,1965917.0
2016-12-23,160.76413277321998,161.25979822544,160.12968099437,160.67491299181998,1254371.0
2016-12-27,160.65508637373,161.34901800683997,160.39734033857,160.64517306468,1301070.0
2016-12-28,160.61543313754999,161.43823778824,159.15817670802,159.61418892407,1280986.0
2016-12-29,159.25730979847,160.04046121298,159.25532713666001,159.7331486326,858206.0
2016-12-30,159.49522921553,159.59436230597998,158.28580551211002,158.72199111007,1472312.0
2017-01-03,159.25730979847,159.59436230597998,157.13586166296002,158.34528536638,2099205.0
2017-01-04,158.41467852969,159.09869685376,157.56213395187,158.37502529351002,2163631.0
2017-01-05,159.5547090698,161.93390324046,159.23748318038,161.4977176425,2880900.0
2017-01-06,161.25979822544,161.53737087868,159.7331486326,161.41841117015,2167715.0
2017-01-09,160.92274571793,161.07144535358998,159.32670296178,159.57453568789,2318383.0
2017-01-10,159.18791663516,161.00205219028,159.11852347183998,160.25855401195,1477863.0
2017-01-11,160.07020114011002,160.97231226315,158.95991052713,160.13959430341998,1378330.0
2017-01-12,159.95124143158,160.55595328328002,159.27713641656,160.46673350188,1297557.0
2017-01-13,160.58569321042,160.72447953704,159.95124143158,160.45682019283998,1250214.0
2017-01-17,160.44690688379998,162.82610105445,160.268467321,162.3899154565,2430482.0
2017-01-18,162.23130251178998,162.95497407203,161.18049175308002,162.84592767254,1834736.0
2017-01-19,162.75670789114,163.3713330519,162.14208273039,162.28086905701,1980659.0
2017-01-20,162.96488738108,163.34159312476,161.81494353192,162.81618774541,1897120.0
2017-01-23,162.62783487357,162.9252341449,160.76413277321998,161.59685073295,1421632.0
2017-01-24,161.81494353192,162.39982876553998,161.54708592154,162.25112912988,1347570.0
2017-01-25,162.77653450923,163.32176650668,162.4791352379,162.71705465496998,1299357.0
2017-01-26,162.91532083585,163.01445392629998,161.98346978568,162.64766149166002,1180784.0
2017-01-27,163.13341363483,163.15324025292,159.31678965273,160.65508637373,2341141.0
2017-01-30,160.6253464466,161.87442338619,159.20774325323998,161.83477015001,2149765.0
2017-01-31,161.08135866263999,162.57826832834,160.94257233602,162.52870178312,1796595.0
2017-02-01,162.41965538363002,162.52870178312,160.40725364762,160.45682019283998,2219682.0
2017-02-02,165.39364809696002,167.41596314202,164.71458642741,166.69229158177,5816346.0
2017-02-03,166.26601929287,167.37630990584,165.70195200824,166.86081783553,3227690.0
2017-02-06,166.72203150891002,166.72203150891002,165.26477507938,165.5820009688,2172824.0
2017-02-07,166.07766642101998,166.62289841846,165.08633551658002,166.06775311198,2732596.0
2017-02-08,166.49158857038,167.55514677796,166.49158857038,167.40604983296998,2089921.0
2017-02-09,167.43586922197,170.38301883456998,167.15755492466002,169.93075810143998,2606898.0
2017-02-10,170.61660404839,171.23287142101003,169.2449121545,170.96449692003,2070000.0
2017-02-13,171.45154694032,171.45154694032,169.75184176746,170.9247377347,2272213.0
2017-02-14,170.62654384472,172.59462351857,170.51720608506,172.58468372224,2245114.0
2017-02-15,172.13739288727,173.9464358198,172.01821472924,173.9464358198,2346540.0
2017-02-16,174.04583378312,174.7714389154,173.45441590133998,174.69192054474,2206751.0
2017-02-17,174.41360624743,175.43740526968003,173.4295664105,174.8012583044,2425236.0
2017-02-21,175.48710425133999,175.93439508631002,174.94041545305,175.87475630831003,2317024.0
2017-02-22,176.00397366063999,176.02385325330002,174.01601439412,175.44734506601003,1815426.0
2017-02-23,175.45728486235,175.97415427163997,174.15517154278,174.79131850806,2600432.0
2017-02-24,174.16511133910998,176.64012062592,174.06571337578998,176.49102368093003,1684258.0
2017-02-27,176.26240836528,176.77927777458,175.48710425133999,176.55066245893002,2340564.0
2017-02-28,175.88469610465,176.79915736723999,174.42354604375998,176.11331142029,2992097.0
2017-03-01,176.30216755061002,177.63410025918,176.15307060563,176.78921757090998,2352299.0
2017-03-02,176.43138490293998,177.17686962788002,175.44734506601003,176.9084951269,3190310.0
2017-03-03,169.6723233968,170.85515916037,168.87713969018998,169.23497235816,10399047.0
2017-03-06,168.3900896699,169.30455093248997,165.10995688014998,165.72622425277,5793596.0
2017-03-07,165.53736812245,167.60484575962,165.53736812245,165.99459875375,2811856.0
2017-03-08,165.99459875375,166.40213040338,165.15965586181002,165.23917423247,2375904.0
2017-03-09,165.3982109738,165.78586303077,164.12591704323,164.77200380483998,1993723.0
2017-03-10,165.48766914079,165.49760893712,163.98675989456999,164.37441195154,2164241.0
2017-03-13,163.85754254225,164.11130554262,163.31085374396002,163.55934865227,2127879.0
2017-03-14,163.22139557696002,164.32471296988,163.11205781731002,164.24519459921999,1974401.0
2017-03-15,164.57320787818998,165.53736812245,163.83766294958,165.53736812245,2079730.0
2017-03-16,165.77592323443,166.66056510803003,165.25905382514,166.05423753174,2726624.0
2017-03-17,167.048217165,167.33647125864,166.06417732808,166.79972225669,3975994.0
2017-03-20,166.75002327502,167.27683248065,165.7958028271,166.43194979238,1603258.0
2017-03-21,166.50152836671,167.78376209361,165.64670588211,165.77592323443,2241868.0
2017-03-22,166.31267223639,166.95875899801,166.03435793908,166.67050490436,1534161.0
2017-03-23,166.98857838701,167.40604983296998,165.42803036279,165.89520079042,1430521.0
2017-03-24,166.36237121805001,166.45272396672,164.66266604518998,165.02049871316,1410390.0
2017-03-27,164.53344869286002,165.31869260313,164.32471296988,165.14971606548,1212535.0
2017-03-28,165.10995688014998,166.04429773541,164.15573643223,165.7659834381,1446649.0
2017-03-29,165.2789334178,166.47170897771002,165.14971606548,166.42200999605,1216734.0
2017-03-30,166.29279264373002,167.16749472099,165.75604364177,166.87924062735001,1034268.0
2017-03-31,166.58104673737,167.15258502649,166.12381610607,166.6804447007,1720611.0
2017-04-03,166.73014368236,167.28677227698,165.3982109738,165.69640486377,1547889.0
2017-04-04,165.59700690045,166.31267223639,165.10995688014998,166.24309366206,1322382.0
2017-04-05,166.28285284739,167.38617024031,165.71628445643998,165.99459875375,1715970.0
2017-04-06,168.65846417088002,171.07383467969,168.28711337988997,168.99641724618,3313816.0
2017-04-07,168.67834376353997,169.97051728677,168.40996926256,169.59280502613998,1510007.0
2017-04-10,169.17533358017,170.53708567773,168.82744070853002,170.18919280609,2002257.0
2017-04-11,169.76178156379,170.40786832541,168.60876518921,169.60274482247,1191415.0
2017-04-12,170.39792852907,170.41780812174,168.66840396721,169.14551419116998,1422322.0
2017-04-13,169.02623663518,169.59280502613998,167.78376209361,167.82352127893998,1422469.0
2017-04-17,167.75394270461,168.7280427452,167.69430392662,168.67834376353997,1504237.0
2017-04-18,169.02623663518,169.29461113616,168.44972844788998,169.10575500584,1542663.0
2017-04-19,169.85123973078,169.90093871245,168.79762131953,169.03617643151,1441284.0
2017-04-20,169.30455093248997,170.14943362076,168.92683867185,169.12563459851,1933622.0
2017-04-21,170.48738669607,170.8493940785,169.6126846188,169.74190197112,2257925.0
2017-04-24,170.96449692003,171.57082449632,170.29853056575,171.292510199,1906898.0
2017-04-25,171.86901838628998,171.99823573862,171.25275101366998,171.64040307064,1403277.0
2017-04-26,176.97807370123002,177.19674922054,174.36390726576,175.73559915965998,4567268.0
2017-04-27,176.25246856895,176.71963899658002,175.35768810308997,176.38168592127,2145240.0
2017-04-28,176.99795329389,176.99795329389,175.86481651198002,176.45126449560001,2331651.0
2017-05-01,177.42536453619,177.42536453619,176.26240836528,176.78921757090998,3240078.0
2017-05-02,177.64404005551003,177.85774567666002,176.86873594156998,177.51482270319,2485939.0
2017-05-03,177.66391964817,179.37356461737,177.62416046284,178.73741765209,2837195.0
2017-05-04,178.96603296773998,182.07718921983002,178.91633398608002,181.35158408755,3752804.0
2017-05-05,181.6696575702,181.81875451518002,178.6777788741,179.11512991273,3703613.0
2017-05-08,173.60848274448998,173.64824192982,170.56690506673002,171.57082449632,3528132.0
2017-05-09,172.56480412957,172.87293781588002,171.27263060634,171.64040307064,2651272.0
2017-05-10,171.49327842256,171.54810682641002,170.12755272682,170.81539997504,2533853.0
2017-05-11,170.24717833521,171.01477598902,169.56929988768,170.72568076875,2099396.0
2017-05-12,170.75558717085,171.31384000998,169.78861350306002,170.34686634219,1570379.0
2017-05-15,169.76867590166,171.44343441907,169.76867590166,171.03471359042,1699203.0
2017-05-16,171.42349681767,171.42349681767,170.09764632472,170.46649195058,1122050.0
2017-05-17,170.12755272682,170.96493198552,168.532544615,168.63223262199,1999435.0
2017-05-18,169.54936228628,170.48642955198,169.16057905903,170.16742792961,1581565.0
2017-05-19,170.81539997504,171.89203045051997,170.2770847373,171.10449519531,1828222.0
2017-05-22,171.70262323723998,172.69950330713002,171.09452639461,171.86212404842,1588453.0
2017-05-23,172.43034568826,172.99856732809,171.78237364283,171.93190565331003,1785801.0
2017-05-24,172.41040808686,172.58984649944,171.26399600648998,172.47022089105,1411398.0
2017-05-25,172.9287857232,174.50385623361998,172.75931611132,174.18485461126,2421134.0
2017-05-26,179.68763259703,179.77735180332002,176.96615000624,177.30508923,4459438.0
2017-05-30,177.12565081742,178.83091386496997,176.94621240483997,178.36178210408002,2083324.0
2017-05-31,178.68078372643998,179.90694621240002,178.2222188943,179.86707100961002,2387832.0
2017-06-01,180.24588543617,180.53498065643,179.29884936977,180.06644702358997,2010882.0
2017-06-02,180.01660302009,180.68451266692,179.30881817047,180.40538624735,2234958.0
2017-06-05,180.53498065643,181.64151753401,180.03654062149,181.51192312492,1457701.0
2017-06-06,181.13310869836997,182.1449419693,180.44526145014,180.81410707599997,2229041.0
2017-06-07,180.87391988018996,181.6714239361,180.56987145888002,181.63154873331,1224931.0
2017-06-08,181.35242231374,181.93061275427,180.27579183826,180.8440134781,1786725.0
2017-06-09,181.14307749906,181.36239111444002,179.35866217397,179.81722700612,2110213.0
2017-06-12,179.01972295021,180.30569824036,178.232187695,179.07953575439998,2382374.0
2017-06-13,179.33872457257,180.22594783477,178.47143891176998,179.90196181206002,1707673.0
2017-06-14,180.26582303756,181.39229751654,179.66769499563,181.10320229626998,1431788.0
2017-06-15,179.82719580681,180.76426307251,177.81349806564,179.49822538375,1748853.0
2017-06-16,169.86836390865,170.06773992263,164.48521153126,166.58862847872,23997115.0
2017-06-19,166.52881567453002,166.86047767378,161.88335454886,163.82727068514,13751019.0
2017-06-20,164.9836515662,164.9836515662,161.92322975165,162.3917633845,7082184.0
2017-06-21,162.97992262573,163.2590490453,162.24223137402,162.64098340196998,3390543.0
2017-06-22,162.66092100337,162.79051541245002,158.51389991264,159.29146636715,7932996.0
2017-06-23,158.9026831399,159.30143516785,156.07154374142002,156.63976538126002,9183609.0
2017-06-26,157.65658305254,160.48772245102,157.60673904905002,159.70018719581,6452740.0
2017-06-27,160.15875202795,161.04597529014998,158.70330712592,158.76311993011,5497141.0
2017-06-28,159.09209035318,159.99925121677,159.00237114689,159.67028079371,3216421.0
2017-06-29,159.71015599651,159.96934481468,157.30767502808,158.18492948958,3588484.0
2017-06-30,159.10205915387,160.0381295395,158.29458629727,159.43102957693998,4667570.0
2017-07-03,159.71015599651,160.02915761887,158.19489829028,158.32449269936,1995049.0
2017-07-05,158.43414950705,159.00237114689,157.36748783227,157.52698864344998,3694171.0
2017-07-06,160.6073480594,160.84659927618,156.56001497566,156.59989017846002,6860387.0
2017-07-07,156.86904779733,157.05845501061,153.6092499688,153.6291875702,7607437.0
2017-07-10,153.03105952827,153.12077873456002,150.48901535006001,150.52889055285,8807186.0
2017-07-11,150.9774865843,152.61236989891,150.45910894796,150.63854736054,6105829.0
2017-07-12,150.987455385,152.42296268564,150.9475801822,151.27655060527002,5026140.0
2017-07-13,152.7519331087,153.44775539748002,152.14383626607,153.17311493823,5662209.0
2017-07-14,153.77871958068002,153.78868838138,152.42296268564,152.52265069262,4327584.0
2017-07-17,152.52265069262,152.96127792337,152.04414825908,152.36314988144,3086869.0
2017-07-18,152.13386746536997,152.36314988144,150.46509022838,151.02733058779,3248989.0
2017-07-19,151.33636340946,151.68527143392,150.42920254586,150.76814176962,3573267.0
2017-07-20,150.9974241857,151.71517783602,150.40926494446998,150.51892175215,3164780.0
2017-07-21,150.46907774866,150.75817296892998,149.53201048296998,149.97063771372,3918900.0
2017-07-24,149.98060651441003,150.9974241857,149.64166729065,150.52889055285,3613341.0
2017-07-25,150.93761138151,153.22036705353997,150.92764258081002,152.69212030451,4573786.0
2017-07-26,152.93137152128,153.02109072757,151.07717459129,151.61548982903,2960129.0
2017-07-27,151.53573942344,152.50769749158002,150.96751778360002,152.04414825908,3594285.0
2017-07-28,152.19368026956002,152.82171471358998,151.63542743043,152.41299388494,2743488.0
2017-07-31,152.60240109821999,158.16499188818,152.55255709472002,158.0154598777,6869043.0
2017-08-01,158.60361911893,159.47090477973,157.41234743542,159.22168476226003,4739801.0
2017-08-02,158.63352552103,161.04597529014998,157.94567827281,160.77681767128,5459983.0
2017-08-03,161.10578809435,161.84347934606,156.56998377636,157.41733183577,5513022.0
2017-08-04,157.84599026581998,157.94468139274,155.3438212904,155.95191813303,3107883.0
2017-08-08,156.60985897916,158.94255834268998,156.54007737427,157.25783102459,2560429.0
2017-08-09,156.64973418195,157.07839261201,155.71266691626002,156.37060776239,2110436.0
2017-08-10,155.68276051416,157.07839261201,154.88525645826,156.15129414701,2706912.0
2017-08-11,156.02169973793002,157.30767502808,155.92201173094,156.16126294771001,1875296.0
2017-08-14,157.0983302134,157.70642705603,156.05160614002,157.41733183577,2014379.0
2017-08-15,157.50705104206,157.88885610882,156.29783551728,156.39054536378,1844198.0
2017-08-16,157.28,159.88,157.11,159.76,3359006.0
2017-08-17,158.48,159.95,157.6395,158.57,2578654.0
2017-08-18,157.98,158.69,156.92,157.08,2735790.0
2017-08-21,157.19,158.17,155.955,157.07,1856188.0
2017-08-22,157.53,159.45,157.53,158.7,2195534.0
2017-08-23,158.62,159.44,157.78,159.37,1699472.0
2017-08-24,160.0,160.66,151.09,151.33,10195431.0
2017-08-25,152.37,152.94,150.06,152.45,5695397.0
2017-08-28,151.9,153.28,151.2,152.55,3746906.0
2017-08-29,152.38,153.99,151.46,153.56,2436878.0
2017-08-30,153.71,154.74,152.88,154.44,2438491.0
2017-08-31,156.22,157.26,153.95,156.74,4546916.0
2017-09-01,157.59,158.55,157.2,158.24,2832486.0
2017-09-05,157.96,159.72,157.47,159.14,3409419.0
2017-09-06,159.19,159.94,158.09,158.86,2780930.0
2017-09-07,158.97,159.6,157.571,159.28,2456623.0
2017-09-08,158.37,158.5,155.03,157.31,3358344.0
2017-09-11,157.89,158.0,157.06,157.36,2409848.0
2017-09-12,157.67,160.6464,157.451,160.04,2962032.0
2017-09-13,160.14,163.95,160.0058,162.99,4189903.0
2017-09-14,162.68,162.68,161.64,162.37,2458051.0
2017-09-15,162.24,162.6688,161.7,162.3,3633578.0
2017-09-18,162.18,163.46,160.76,160.91,2009192.0
2017-09-19,160.96,161.66,159.95,161.56,1765038.0
2017-09-20,161.51,163.04,161.26,162.85,2405539.0
2017-09-21,162.93,162.93,160.4,161.48,1702039.0
2017-09-22,160.9,162.0,160.37,161.29,1529270.0
2017-09-25,160.83,162.7,160.52,162.33,1772610.0
2017-09-26,162.71,164.73,162.59,164.07,2272314.0
2017-09-27,164.49,165.315,163.38,164.42,1891815.0
2017-09-28,164.47,164.949,163.54,163.9,1677461.0
2017-09-29,163.9,165.07,163.76,164.27,1786603.0
2017-10-02,164.92,166.42,164.29,165.89,2262900.0
2017-10-03,166.32,167.29,165.03,165.08,2795334.0
2017-10-04,165.23,165.93,164.69099999999997,165.21,1911223.0
2017-10-05,165.86,167.12,165.25,167.07,3750975.0
2017-10-06,159.0,159.46,156.54,157.09,17929517.0
2017-10-09,157.01,157.75,154.11,154.61,7007532.0
2017-10-10,155.67,157.36,155.08,156.87,5150758.0
2017-10-11,157.3,158.96,157.06,157.87,3828569.0
2017-10-12,157.87,157.99,156.36,157.22,3590955.0
2017-10-13,157.42,160.08,157.09,159.85,3617221.0
2017-10-16,159.38,159.8,158.32,158.81,2451636.0
2017-10-17,159.0,159.27,157.57,158.38,2420017.0
2017-10-18,158.84,158.84,157.305,157.55,2972602.0
2017-10-19,157.14,158.7599,157.0032,158.46,2869320.0
2017-10-20,158.97,161.01,158.51,160.77,3933688.0
2017-10-23,160.85,162.39,160.58,162.04,2774165.0
2017-10-24,161.16,162.89,161.0,162.29,2962220.0
2017-10-25,161.0,163.0,160.58,162.18,3531622.0
2017-10-26,162.46,163.55,160.79,162.445,3032910.0
2017-10-27,160.8,162.68,160.7,162.38,3377762.0
2017-10-30,161.99,162.0,159.47,160.23,2485067.0
2017-10-31,159.84,161.27,159.717,161.08,2491224.0
2017-11-01,161.97,163.29,161.29,162.69,2105002.0
2017-11-02,163.73,165.55,162.61,164.95,3236285.0
2017-11-03,164.16,167.0697,163.78,166.44,3111801.0
2017-11-06,165.8,166.5878,164.98,165.05,1909783.0
2017-11-07,165.2,166.5,164.6,166.28,1909705.0
2017-11-09,167.48,169.31,167.05,169.11,2078244.0
2017-11-10,168.44,171.38,168.0752,171.36,2671500.0
2017-11-13,171.0,173.09,170.65,171.46,4091498.0
2017-11-14,170.82,171.83,169.77,171.44,1767972.0
2017-11-15,169.3,170.73,167.055,169.0,2427667.0
2017-11-16,170.23,171.34,169.16,170.98,2312106.0
2017-11-17,171.0,172.2,170.65,170.98,2086597.0
2017-11-20,171.11,172.53,170.85,172.28,1921246.0
2017-11-21,172.96,174.19,172.55,173.42,2346167.0
2017-11-22,173.84,174.0,171.1,172.48,1947409.0
2017-11-24,172.38,173.15900000000002,171.5,171.62,789620.0
2017-11-27,172.25,173.06,171.12,172.61,2343632.0
2017-11-28,173.32,174.18,172.55,173.65,2724708.0
2017-11-29,174.0,177.74,173.545,177.53,4677200.0
2017-11-30,180.43,184.9,180.22,184.43,7564251.0
2017-12-01,183.26,185.18,181.13,185.13,4021840.0
2017-12-04,187.22,189.88,186.56,189.56,5729567.0
2017-12-05,189.67,191.22,186.85,187.82,3145142.0
2017-12-06,187.62,187.975,185.51,187.22,3001757.0
2017-12-07,186.51,187.8,185.5601,186.2,2141375.0
2017-12-08,186.79,188.53,185.945,188.07,1750225.0
2017-12-11,188.21,188.9,187.04,188.86,1863816.0
2017-12-12,186.96,189.12,186.8,188.3,3341613.0
2017-12-13,188.53,190.12,187.8,188.28,3033636.0
2017-12-14,188.58,189.736,186.17,186.53,3375984.0
2017-12-15,193.41,195.35,192.0,192.73,7486459.0
2017-12-18,192.63,194.35,191.9,192.31,3409533.0
2017-12-19,192.91,193.0,187.0,188.33,3915171.0
2017-12-20,189.04,189.2593,185.4,187.51,3842762.0
2017-12-21,188.0,188.4,186.58,186.8,1883465.0
2017-12-22,187.27,187.48,185.97,186.63,1050419.0
2017-12-26,186.19,187.34,186.12,186.55,1113717.0
2017-12-27,186.85,187.06,185.8,186.3,1118426.0
2017-12-28,186.57,187.02,186.185,186.62,1000524.0
2017-12-29,186.46,187.6,185.93,186.12,2005446.0
2018-01-02,187.23,190.68,186.74,188.32,2481462.0
2018-01-03,188.82,192.1,188.38,190.58,3248856.0
2018-01-04,192.0,192.3,187.56099999999998,189.1,3479308.0
2018-01-05,189.43,189.68,186.72,187.75,2790428.0
2018-01-08,187.32,188.979,187.25,188.48,1944173.0
2018-01-09,189.01,189.3,186.15,186.29,2223821.0
2018-01-10,185.75,186.24,183.88099999999997,185.42,2365724.0
2018-01-11,185.43,190.67,185.03,189.38,4658720.0
2018-01-12,190.1,192.179,190.0,191.84,3461246.0
2018-01-16,192.35,192.84,190.89,191.53,1874205.0
2018-01-17,192.53,192.56,191.34,192.29,2487241.0
2018-01-18,192.23,193.03,191.22,191.51,1794274.0
2018-01-19,191.71,192.64,191.16,192.29,2260654.0
2018-01-22,192.5,194.76,192.06,194.19,2776216.0
2018-01-23,193.61,194.1,192.07,193.42,2236724.0
2018-01-24,194.43,194.75,191.925,194.24,2631846.0
2018-01-25,195.0,198.45,194.735,197.95,3263598.0
2018-01-26,197.75,199.23,195.69,198.91,2553280.0
2018-01-29,198.37,199.88,197.56,198.32,1953880.0
2018-01-30,197.59,198.79,196.08,197.91,2073280.0
2018-01-31,197.44,198.4747,194.1,194.87,2636752.0
2018-02-01,193.41,195.4,192.44,193.47,1952079.0
2018-02-02,191.25,193.6,190.8,190.99,2355465.0
2018-02-05,190.66,192.1,182.525,183.71,2864261.0
2018-02-06,178.91,185.24,176.2,185.01,3963330.0
2018-02-07,184.6,186.19,183.07,183.19,2558056.0
2018-02-08,184.51,184.51,178.55,178.56,2456120.0
2018-02-09,179.78,182.07,175.79,180.59,2505935.0
2018-02-12,181.84,183.25900000000001,180.38,181.06,1590150.0
2018-02-13,180.22,184.6,180.05,184.15,2034895.0
2018-02-14,182.71,188.48,182.31,187.35,2160284.0
2018-02-15,188.09,191.71,186.57,191.48,2053489.0
2018-02-16,191.45,194.62,191.04,191.56,1953304.0
2018-02-20,189.87,191.48,187.63,188.12,2194898.0
2018-02-21,188.53,189.14,185.69,185.75,1731772.0
2018-02-22,186.35,188.33,185.66,186.59,1314028.0
2018-02-23,187.83,189.85,185.91,189.81,1535824.0
2018-02-26,190.1,193.095,189.93,192.81,1826549.0
2018-02-27,193.45,195.52,190.1,190.1,2153789.0
