date,open,high,low,close,volume
2014-04-28,53.8708,54.106,53.4665,54.0325,4710591
2014-04-29,54.0399,54.1428,53.6098,53.959,4151468
2014-04-30,53.8561,53.9958,53.6429,53.9443,3318908
2014-05-01,53.9443,54.4221,53.8561,54.1134,3608254
2014-05-02,54.1354,54.2163,53.7826,53.8634,2625804
2014-05-05,53.665,53.834,53.3783,53.665,1941089
2014-05-06,53.5106,53.6944,53.3268,53.3415,2040804
2014-05-07,53.5032,53.5988,53.0548,53.5253,3130488
2014-05-08,53.5032,54.2678,53.3746,53.8634,2853084
2014-05-09,53.7605,54.4442,53.5106,54.4221,4279465
2014-05-12,54.5618,55.2234,54.5618,55.1867,2769594
2014-05-13,55.444,55.8189,55.2308,55.5984,2840313
2014-05-14,55.4293,56.0027,55.194,55.2896,3092386
2014-05-15,55.047,55.194,54.5839,55.1132,3047426
2014-05-16,55.1205,55.4366,54.8779,55.3705,3208274
2014-05-19,55.2161,56.0137,55.1646,55.738,2366713
2014-05-20,55.7233,55.8336,54.8154,54.9882,2332451
2014-05-21,55.2308,56.113,55.2308,56.0762,3147398
2014-05-22,56.8481,57.7082,56.3923,57.3627,6782589
2014-05-23,57.3406,57.6788,57.1495,57.6494,2175813
2014-05-27,58.039,58.0758,57.6862,57.8185,2565747
2014-05-28,57.8699,58.1052,57.62,57.8405,2242927
2014-05-29,57.8405,57.9582,57.4362,57.745,2376852
2014-05-30,57.5906,57.7229,57.3553,57.6567,3402224
2014-06-02,57.7817,57.9655,57.2157,57.8111,1824165
2014-06-03,57.5832,57.9729,57.5024,57.9214,2072648
2014-06-04,57.7376,57.8258,57.3406,57.6567,2469586
2014-06-05,57.6641,58.7006,57.2892,58.4433,2955221
2014-06-06,58.4801,59.1711,58.436,59.0829,2796365
2014-06-09,59.6122,59.649,58.9212,59.2152,3076806
2014-06-11,59.0241,59.105,58.7742,58.8771,1955620
2014-06-12,58.6124,59.0388,58.5977,58.9065,2675321
2014-06-13,58.8256,59.1711,58.7521,59.0094,1727852
2014-06-16,58.8771,59.0609,58.73,58.8624,2383181
2014-06-17,58.9432,59.0682,58.7521,58.9359,1633674
2014-06-18,58.9947,59.3402,58.664,59.3035,1847115
2014-06-19,59.1858,59.3549,58.7889,58.8844,3294715
2014-06-20,58.9653,59.3329,58.6859,59.3108,4576338
2014-06-23,59.2814,59.3255,58.9653,59.0535,2049701
2014-06-24,59.0535,59.0535,58.2596,58.2596,2789151
2014-06-25,58.2007,58.6092,57.8474,58.5098,2083139
2014-06-26,58.4583,58.6158,57.9099,58.2228,1988538
2014-06-27,58.1344,58.3847,57.9725,58.289,2526071
2014-06-30,58.3773,58.3921,57.8253,57.9504,3087942
2014-07-01,58.2669,58.6754,58.2375,58.5172,2722121
2014-07-02,57.8327,58.5025,57.8253,57.9799,2561934
2014-07-03,58.3405,58.6423,58.2154,58.4804,1853923
2014-07-07,58.3994,58.4436,57.6891,57.7885,2598925
2014-07-08,57.7296,57.8768,57.4057,57.5529,2843417
2014-07-09,57.7075,57.8106,57.4168,57.6266,2340980
2014-07-10,57.1481,57.656,57.0303,57.4131,2258676
2014-07-11,57.4131,57.7075,57.2364,57.6928,1855902
2014-07-14,58.1565,58.2448,57.737,58.0093,2420495
2014-07-15,57.8842,58.2496,57.4793,57.5897,2804153
2014-07-16,57.7075,57.9357,57.3248,57.7811,2606412
2014-07-17,55.7275,55.7938,54.4615,54.5204,10008322
2014-07-18,54.5257,55.5288,54.3363,55.2859,5784969
2014-07-21,55.1092,55.411,54.8884,55.3153,4091301
2014-07-22,55.4772,56.1103,55.4772,55.7938,5383021
2014-07-23,55.941,56.0219,55.5067,55.6539,3631886
2014-07-24,55.7349,56.0808,55.3889,55.9189,3311213
2014-07-25,55.6392,55.9005,55.5729,55.7128,1967681
2014-07-28,55.595,55.6686,55.1902,55.3595,2745714
2014-07-29,55.2785,55.4257,54.4247,54.5277,5120387
2014-07-30,54.6676,54.8074,54.1744,54.594,4315490
2014-07-31,54.2848,54.5056,53.9462,54.3805,5066523
2014-08-01,54.3952,54.4173,53.7475,53.983,5158209
2014-08-04,53.8947,54.5277,53.7769,54.4688,2845287
2014-08-05,54.1008,54.7853,53.8434,54.145,3393334
2014-08-06,54.2259,54.6676,54.0272,54.5204,4379389
2014-08-07,54.6308,55.0282,54.3143,54.4394,2863905
2014-08-08,54.5572,55.146,54.3216,55.1092,2205028
2014-08-11,55.2785,55.6355,55.227,55.3595,2457169
2014-08-12,55.043,55.2233,54.5866,54.7191,3420346
2014-08-13,54.9841,55.1975,54.8074,55.043,2033629
2014-08-14,54.8663,55.1313,54.7633,55.1166,2571280
2014-08-15,55.4846,55.7569,54.9473,55.3153,4763874
2014-08-18,56.2059,56.2722,55.4772,56.1544,2054159
2014-08-19,56.1691,56.4562,56.0293,56.412,1664988
2014-08-20,56.4047,56.9347,56.2575,56.8169,2460400
2014-08-21,57.0009,57.0524,56.6181,57.0083,1770100
2014-08-22,56.7727,56.9715,56.6733,56.7065,2040508
2014-08-25,56.9199,57.0598,56.7801,56.9347,1435144
2014-08-26,57.0303,57.1113,56.861,56.9199,1953550
2014-08-27,56.4047,56.9199,56.3311,56.4194,1119722
2014-08-28,56.1986,56.309,55.9262,56.1839,1942813
2014-08-29,56.3752,56.4194,55.9557,56.39,1507452
2014-09-02,56.4341,56.6255,56.0919,56.2501,2300528
2014-09-03,56.6918,56.6918,56.2722,56.3752,2423628
2014-09-04,56.3532,56.6329,55.963,56.1176,2262886
2014-09-05,55.963,56.8316,55.9042,56.7801,2135420
2014-09-08,56.6844,56.9567,56.5519,56.7138,1972678
2014-09-09,56.677,56.7212,56.1912,56.3605,1976859
2014-09-10,56.39,56.7727,56.2928,56.6255,1727625
2014-09-11,56.4341,56.9199,56.3458,56.8831,1650271
2014-09-12,56.861,56.8831,56.5445,56.5887,1914701
2014-09-15,56.6991,57.0892,56.3458,56.4047,4159464
2014-09-16,56.2648,57.1628,56.0514,57.0966,3099851
2014-09-17,57.2659,58.3258,57.1849,57.9504,4218069
2014-09-18,58.0019,58.4657,57.9357,58.4141,2832964
2014-09-19,58.7748,58.8852,58.3994,58.4804,4827359
2014-09-22,58.2743,58.2743,57.4499,57.5309,2098365
2014-09-23,57.3984,57.4941,56.9788,56.9862,2107491
2014-09-24,57.082,57.4247,56.8683,57.2884,3171051
2014-09-25,57.0378,57.1041,55.7406,55.748,3806175
2014-09-26,55.7922,56.0428,55.6448,55.947,3048528
2014-09-29,55.4458,55.9986,55.2321,55.8586,3044374
2014-09-30,55.8143,56.8609,55.748,55.9986,5270892
2014-10-01,55.7922,55.9839,54.871,54.9668,3154775
2014-10-02,54.9225,55.1215,54.414,54.8562,4595547
2014-10-03,55.4311,55.6817,55.1584,55.2321,4303346
2014-10-06,55.4606,55.7185,55.0331,55.1952,1971222
2014-10-07,55.0331,55.0331,53.6107,53.6328,4224728
2014-10-08,54.1487,55.011,53.7359,54.9741,3751822
2014-10-09,55.0331,55.0331,53.6107,53.6328,4224728
2014-10-10,53.6328,53.9568,52.5051,52.9621,6193161
2014-10-13,53.2421,53.9202,52.7557,52.8442,5988129
2014-10-14,53.0579,53.6991,52.7483,53.6107,1739632
2014-10-15,52.7904,53.1095,52.2619,52.4904,1930700
2014-10-16,55.2763,55.6301,54.7088,55.1215,4058891
2014-10-17,55.2763,55.6301,54.7088,55.1215,4072003
2014-10-20,55.0036,55.21,54.5319,55.0773,2954841
2014-10-21,55.3426,56.2787,55.3205,56.1976,3184724
2014-10-22,56.5514,56.5514,55.6743,55.6964,3516792
2014-10-23,56.404,57.354,56.3081,57.0157,3242069
2014-10-24,56.9788,57.4874,56.8241,57.4579,1867212
2014-10-27,57.0894,57.4653,57.0304,57.3916,1661286
2014-10-28,57.7748,58.7919,57.7158,58.7698,3619839
2014-10-29,58.6297,58.9024,58.2096,58.4455,3523225
2014-10-30,61.2093,61.2388,60.4723,60.7008,4673752
2014-10-31,59.2341,59.4699,58.9983,59.2562,4125944
2014-11-03,59.2194,59.2415,58.7624,58.9393,2551248
2014-11-04,58.9467,59.1457,58.7034,58.954,1887992
2014-11-05,59.4847,59.6026,58.8582,59.5289,1767924
2014-11-06,57.8338,59.9232,59.3225,59.89,1614419
2014-11-07,59.9048,59.9343,59.4257,59.8385,1712930
2014-11-10,59.8311,60.0669,59.7058,59.9122,1970619
2014-11-11,60.1038,60.207,59.6542,60.0006,1878279
2014-11-12,61.2093,61.2388,60.4723,60.7008,4673752
2014-11-13,60.6787,60.8703,60.4281,60.7302,4515818
2014-11-14,60.5386,60.7892,60.476,60.605,1938934
2014-11-17,60.5607,60.8408,60.406,60.7081,1826302
2014-11-18,60.8039,61.1061,60.6418,60.8629,1901452
2014-11-19,60.8629,61.0029,60.546,60.8555,1487542
2014-11-20,60.3838,60.9145,60.1112,60.8113,1632985
2014-11-21,61.5115,61.7731,61.342,61.6073,2683589
2014-11-24,61.6073,61.6294,61.2683,61.5483,1542692
2014-11-25,61.5336,61.6441,61.4009,61.4525,2125570
2014-11-26,61.7178,61.7178,61.3346,61.5041,1512129
2014-11-28,61.4894,61.88,61.4378,61.5852,1759406
2014-12-01,61.2535,61.4157,60.8629,61.224,2942661
2014-12-02,61.4967,61.7031,61.2609,61.5999,2618965
2014-12-03,61.7326,62.6317,61.6441,62.5359,2563223
2014-12-04,62.2338,62.4106,61.9242,62.3369,2020173
2014-12-05,62.2117,62.6391,62.2043,62.558,1416060
2014-12-08,62.4696,62.8234,62.2854,62.4549,2432138
2014-12-09,61.6589,62.1895,61.5704,62.1748,2188292
2014-12-10,62.0495,62.0569,61.2093,61.2756,3704325
2014-12-11,61.4378,62.477,61.2535,61.8726,2788231
2014-12-12,61.4599,62.3443,61.4525,61.7326,2818932
2014-12-15,62.1453,62.3296,61.0988,61.4599,2756153
2014-12-16,61.3715,61.9095,60.5681,60.605,4281480
2014-12-17,60.6344,61.8358,60.3249,61.6736,1135418
2014-12-18,63.3835,63.3835,62.4477,63.3835,3342838
2014-12-19,63.4572,63.8478,63.1403,63.5825,4980183
2014-12-22,63.9289,64.2753,63.6931,64.1647,2376505
2014-12-23,64.4156,64.5558,64.1426,64.2386,2848135
2014-12-24,64.2459,64.2828,64.0393,64.0393,962617
2014-12-26,64.1131,64.3382,63.9287,63.9951,1181223
2014-12-29,63.6556,64.305,63.5892,64.1057,1480371
2014-12-30,64.091,64.1279,63.3826,63.6335,1817801
2014-12-31,63.8696,64.0615,63.2203,63.2424,2073301
2015-01-02,63.4638,63.6704,62.7997,63.2498,2063903
2015-01-05,62.9325,63.1613,62.3127,62.6226,3021736
2015-01-06,62.8145,62.9694,61.6671,62.1947,2887661
2015-01-07,62.7702,62.9842,62.4013,62.571,3306959
2015-01-08,63.1613,63.6593,63.1022,63.5376,2959997
2015-01-09,63.7589,63.8401,62.9844,63.1096,2084843
2015-01-12,62.7481,63.0063,62.0914,62.3275,3052264
2015-01-13,62.9547,63.4048,61.7925,61.9659,2053293
2015-01-14,61.597,62.0471,60.9846,61.2576,4793418
2015-01-15,61.5822,61.6855,60.5123,60.5271,4193127
2015-01-16,60.3353,60.9772,59.9516,60.9034,4250294
2015-01-20,61.2723,61.5749,60.8001,61.2207,3385289
2015-01-21,61.0657,61.7224,60.837,61.4347,3024691
2015-01-22,61.9659,62.0102,61.3609,61.4347,305110
2015-01-23,62.3496,62.3791,62.0397,62.084,3784081
2015-01-26,61.8774,62.0803,61.4052,61.7298,3061308
2015-01-27,62.3201,62.9325,61.7003,62.4529,3593105
2015-01-28,62.7628,62.8219,61.1248,61.1321,3967309
2015-01-29,61.5011,61.9659,60.6599,61.929,2725652
2015-01-30,61.6191,61.7741,60.7558,60.7853,2963634
2015-02-02,60.8296,61.8036,60.2098,61.7888,3450313
2015-02-03,62.5046,62.8145,62.1799,62.7333,4348331
2015-02-04,62.3496,62.7776,62.0619,62.2316,2864845
2015-02-05,62.6153,63.1613,62.5562,63.0727,2026439
2015-02-06,63.0137,63.3088,62.3496,62.5636,1977045
2015-02-09,62.202,62.785,62.0619,62.3127,1868374
2015-02-10,62.6595,63.1096,62.2242,63.058,1939654
2015-02-11,63.0211,63.3974,62.8292,63.2055,2104130
2015-02-12,63.39,63.925,63.3015,63.8991,2043420
2015-02-13,63.7516,64.1353,63.604,64.0541,1977785
2015-02-17,64.0098,64.1721,63.8106,64.0467,1919456
2015-02-18,64.4083,64.6149,63.7811,64.5263,1976095
2015-02-19,64.4525,64.5632,64.1869,64.3714,2209800
2015-02-20,64.1574,64.8547,63.8696,64.696,4021530
2015-02-23,64.3861,64.6591,64.0467,64.091,1936977
2015-02-24,63.8844,64.2902,63.8327,64.2238,2455351
2015-02-25,64.3271,64.7034,64.0615,64.3566,2332984
2015-02-26,64.2902,65.0059,64.209,64.792,2151373
2015-02-27,64.6075,64.8288,64.364,64.4009,2216105
2015-03-02,64.3492,64.8141,64.3492,64.5411,2065978
2015-03-03,64.3566,64.4894,63.9489,64.2312,1632209
2015-03-04,63.1539,63.8327,63.0506,63.5376,4799134
2015-03-05,63.6925,63.8696,63.4269,63.7073,2264939
2015-03-06,63.4343,63.5523,62.7554,62.8809,3002799
2015-03-23,64.4821,64.5632,64.0098,64.0246,2807476
2015-03-24,63.8401,63.9877,63.4048,63.4048,2157494
2015-03-25,63.4454,63.5563,62.3369,62.3369,4104165
2015-03-26,62.263,62.7803,61.9895,62.3147,2610077
2015-03-27,62.2482,62.8172,62.1521,62.7064,2120254
2015-03-30,62.8172,63.3735,62.8025,63.2607,1800631
2015-03-31,62.9872,63.1941,62.7064,62.7433,2513538
2015-04-01,62.6547,62.699,61.8269,62.0043,2697152
2015-04-02,62.1373,62.4699,61.7758,62.2186,1974503
2015-04-06,61.9156,63.0833,61.7161,62.7951,1637937
2015-04-07,62.5881,63.5489,62.5364,63.0611,2637050
2015-04-08,63.0833,63.2754,62.7359,63.0759,2348258
2015-04-09,62.8838,63.2533,62.7507,63.1572,1643677
2015-04-10,63.4306,63.4417,62.6916,62.8025,2890418
2015-04-13,63.0685,63.2459,62.5808,62.9872,2373426
2015-04-14,62.7655,63.2459,62.529,63.172,2305588
2015-04-15,63.002,63.3863,63.002,63.2607,2282967
2015-04-16,62.9872,63.3937,62.8911,63.1424,2894316
2015-04-17,62.6325,62.6694,61.8861,62.2408,3749507
2015-04-20,62.6768,62.9503,62.4773,62.7581,2687269
2015-04-21,62.9059,63.1868,62.8172,62.965,2628987
2015-04-22,62.8838,63.1202,62.5438,63.002,4376847
2015-04-23,62.4921,62.9207,61.8196,62.5881,7629430
2015-04-24,62.3664,62.4773,61.3761,61.5609,5961877
2015-04-27,62.093,62.2999,61.354,61.4057,4481303
2015-04-28,61.2136,61.5461,61.0288,61.5313,2485940
2015-04-29,61.3096,61.4944,61.051,61.1914,3327456
2015-04-30,61.1175,61.2136,60.2972,60.5115,2940207
2015-05-01,60.6667,61.147,60.5558,60.9845,2595397
2015-05-04,61.0436,61.487,60.9918,61.1101,1895236
2015-05-05,61.1249,61.317,60.7701,60.8958,2873614
2015-05-06,61.1027,61.3022,60.5041,60.8514,3090399
2015-05-07,60.7997,61.6865,60.7627,61.4796,3754672
2015-05-08,61.9674,62.3886,61.8861,62.1004,2545839
2015-05-11,61.96,62.1742,61.753,61.753,2260103
2015-05-12,61.5609,63.8149,61.5387,63.5563,9729772
2015-05-13,66.5124,66.6971,63.8962,64.554,18878952
2015-05-14,65.0195,65.3004,64.5983,64.9161,9568624
2015-05-15,64.8717,65.0934,63.8075,63.8888,8066997
2015-05-18,63.9701,64.7387,63.9701,64.4874,4682340
2015-05-19,64.4948,64.6205,63.8223,63.9184,3608094
2015-05-20,63.9332,64.4727,63.6302,64.3101,4110543
2015-05-21,64.2879,64.5022,64.0514,64.2214,3815084
2015-05-22,64.2583,64.7091,63.9849,64.0071,2937970
2015-05-26,63.9701,64.2317,63.5304,63.6893,2694613
2015-05-27,63.6819,64.6352,63.5805,64.6057,3576693
2015-05-28,64.554,64.6648,64.1327,64.5318,3152760
2015-05-29,64.3692,64.5761,63.5526,63.7928,3043630
2015-06-01,63.9258,64.4098,63.5932,64.2214,2874789
2015-06-02,63.8888,64.2362,63.6449,64.1401,2486238
2015-06-03,64.1697,64.6168,64.044,64.4727,2379893
2015-06-04,63.9701,64.2214,63.268,63.4085,2747791
2015-06-05,63.2754,63.5489,63.1572,63.475,2001515
2015-06-08,63.2533,63.4159,62.7064,62.7507,3189467
2015-06-09,62.8394,63.4011,62.5955,62.965,2635413
2015-06-10,63.1572,63.6376,62.965,63.571,2389668
2015-06-11,63.741,63.8519,63.3715,63.5045,2292605
2015-06-12,63.4232,63.475,62.7581,62.8542,3206696
2015-06-15,62.5216,62.6325,62.1669,62.4182,2418488
2015-06-16,62.3369,62.7064,62.3221,62.5438,1909850
2015-06-17,62.5808,62.8985,62.3886,62.6177,2749003
2015-06-18,62.7951,63.874,62.6547,63.5193,3461519
2015-06-19,63.5193,63.7632,63.2902,63.438,4174959
2015-06-22,63.741,64.0588,63.6671,63.741,2530688
2015-06-23,63.6671,63.8371,63.3087,63.3493,2264396
2015-06-24,63.3456,63.6047,63.1606,63.2272,2928331
2015-06-25,63.4493,63.5048,62.8371,63.2346,2548713
2015-06-26,63.5529,63.6787,63.1828,63.4789,10251703
2015-06-29,63.1458,63.316,62.5943,62.7313,6000222
2015-06-30,63.1162,63.5677,62.9533,63.353,5618703
2015-07-01,63.6565,63.9082,63.4345,63.9082,5669468
2015-07-02,64.0414,64.3449,63.8638,64.2487,3782179
2015-07-06,63.6047,63.9156,63.4493,63.5603,7219654
2015-07-07,63.812,63.812,63.2198,63.316,577789
2015-07-08,64.1228,64.2191,63.4012,63.4641,5126221
2015-07-09,64.108,64.3005,63.4493,63.4641,5154886
2015-07-10,63.9896,64.3375,63.7009,64.1376,4654491
2015-07-13,64.5226,65.2109,64.3945,65.1369,4938879
2015-07-14,65.322,65.8919,65.2183,65.8475,14034194
2015-07-15,65.9733,66.0251,65.3516,65.3812,6055558
2015-07-16,65.6402,65.7661,65.1369,65.655,4356812
2015-07-17,,65.6995,65.3146,65.6698,2056819
2015-07-20,65.6698,65.7587,65.4404,65.5662,2917293
2015-07-21,65.359,65.5366,64.8778,64.9815,3790038
2015-07-22,64.9297,65.3516,64.789,65.0333,3831892
2015-07-23,65.8771,66.3508,65.2998,65.9141,7150715
2015-07-24,65.7587,65.9215,64.7964,64.9741,3817226
2015-07-27,64.7076,65.0481,64.0488,64.5596,3021509
2015-07-28,65.1073,65.4404,64.8038,65.433,4144907
2015-07-29,65.8105,67.3501,65.4108,67.2909,5985147
2015-07-30,67.0096,68.1273,67.0096,67.9941,4618352
2015-07-31,68.0681,68.2309,67.5869,67.772,3396216
2015-08-03,67.7424,67.9866,67.0318,67.6017,2359361
2015-08-04,67.5499,68.4086,67.4167,67.92,2501524
2015-08-05,68.3938,68.7787,68.0903,68.2901,2155077
2015-08-06,68.3419,68.5714,67.5795,67.7794,1659714
2015-08-07,67.4389,67.7424,66.8097,67.4019,1690897
2015-08-10,67.8608,68.416,67.846,68.0607,1783495
2015-08-11,67.4389,67.7424,67.2835,67.4019,2122662
2015-08-12,66.8838,66.9282,65.9955,66.832,3020328
2015-08-13,66.8986,67.2168,66.5655,66.9356,2101538
2015-08-14,67.091,67.3501,66.7986,67.2983,1466179
2015-08-17,66.9726,67.8534,66.7431,67.8386,1240487
2015-08-18,67.5277,67.9517,67.5277,67.735,1367151
2015-08-19,67.2909,67.7202,66.8838,67.0836,2337568
2015-08-20,66.6099,66.7653,65.6254,65.6995,3450650
2015-08-21,65.322,65.507,64.3523,64.3597,4261700
2015-08-24,61.9911,63.812,61.1917,62.2132,6068195
2015-08-25,63.7157,63.7157,61.5544,61.6062,4009724
2015-08-26,62.3612,64.1969,62.0651,64.1525,4821414
2015-08-27,64.641,65.6773,64.3079,65.4774,4039906
2015-08-28,65.1665,65.3886,64.6114,65.1813,3245632
2015-08-31,64.5226,65.3294,63.5455,64.4115,3520957
2015-09-01,63.3605,63.6417,62.4056,62.7609,5232256
2015-09-02,63.4345,63.8786,62.8053,63.8638,3439687
2015-09-03,64.3597,64.8408,63.9896,64.3079,3008090
2015-09-04,63.4197,63.8046,63.168,63.353,2844857
2015-09-08,64.4633,64.8112,63.7787,64.789,3001030
2015-09-09,65.1369,65.4256,63.8268,63.96,2730991
2015-09-10,63.9082,64.2042,63.4123,63.6935,3467711
2015-09-11,63.6787,64.2857,63.5159,64.2783,3067480
2015-09-14,64.4115,64.6114,63.9156,64.2265,3961327
2015-09-15,64.5892,65.544,64.3227,65.433,3401524
2015-09-16,65.2627,66.1658,65.1517,66.077,3165305
2015-09-17,66.0325,66.1658,65.7217,65.7217,1489446
2015-09-18,63.3456,64.5003,63.2642,63.812,9359374
2015-09-21,64.0118,64.4337,63.5159,63.9674,3957452
2015-09-22,63.2864,63.6269,62.883,63.3382,5025105
2015-09-23,63.4567,63.7527,63.205,63.4123,3017264
2015-09-24,62.983,63.0718,62.2576,62.9311,3696288
2015-09-25,63.6417,64.0266,63.0052,63.131,5289904
2015-09-28,62.7831,63.0348,60.9178,60.9918,5874307
2015-09-29,61.3545,61.8949,61.1399,61.5914,4789520
2015-09-30,62.3587,63.2336,62.1511,63.1742,5390010
2015-10-01,63.2187,63.5746,62.3735,63.2632,3359617
2015-10-02,63.6636,64.2493,62.1659,64.2493,3093722
2015-10-05,64.657,65.391,64.4272,65.265,3297574
2015-10-06,64.9981,65.1908,64.1418,64.6719,3752511
2015-10-07,65.1834,65.8136,64.9907,65.5689,2831831
2015-10-08,65.391,66.0175,65.2205,65.9026,3220835
2015-10-09,65.8581,66.2733,65.4633,65.6208,3944556
2015-10-12,65.5615,66.3585,65.5022,66.34,2338698
2015-10-13,65.9471,66.5402,65.784,66.125,2336799
2015-10-14,66.0953,66.2584,65.3243,65.4207,3642162
2015-10-15,65.5912,66.0898,65.2205,66.0286,2093686
2015-10-16,66.214,66.3103,65.4874,65.9396,3114619
2015-10-19,65.9174,66.0953,65.4874,66.0953,1733703
2015-10-20,65.8729,66.5958,65.6208,66.3029,2410270
2015-10-21,66.6291,66.6959,65.9767,66.0731,5046276
2015-10-22,65.606,70.1434,65.3095,69.6763,7117615
2015-10-23,69.869,69.869,68.2528,68.8163,5120770
2015-10-26,68.8163,69.0457,68.3047,68.49,2437550
2015-10-27,68.0304,68.2973,67.6967,67.9562,2653619
2015-10-28,68.0452,68.6902,67.7561,68.6531,2630071
2015-10-29,68.4085,69.0609,68.06,68.9794,2327250
2015-10-30,68.9497,69.6392,68.4456,69.1795,4019205
2015-11-02,69.3278,71.0034,69.224,70.8254,3787499
2015-11-03,70.8996,71.0998,70.3584,70.9515,3224010
2015-11-04,70.9218,71.2332,70.4399,71.033,2895598
2015-11-05,71.0998,71.3778,70.8403,70.907,2868775
2015-11-06,70.5734,71.0479,70.4696,71.0479,2006841
2015-11-09,70.7958,71.1294,70.3139,70.7216,1931361
2015-11-10,70.514,70.781,70.0989,70.5066,2235710
2015-11-11,70.5808,71.248,70.4473,70.5215,2035659
2015-11-12,70.1359,70.8403,69.7356,69.7578,2146182
2015-11-13,69.5577,69.9061,69.1721,69.3501,2171106
2015-11-16,69.402,70.5845,69.3501,70.5437,2404356
2015-11-17,71.033,71.2332,70.1878,70.692,2206881
2015-11-18,70.7513,72.0265,70.5808,71.9375,2029344
2015-11-19,71.7596,72.1748,71.6187,71.8782,3259730
2015-11-20,72.0636,72.375,71.9301,72.1748,1941184
2015-11-23,72.1674,72.3193,71.6484,72.071,1319028
2015-11-24,71.426,71.7522,71.0975,71.552,2344950
2015-11-25,71.7967,71.9672,71.4927,71.7892,1417269
2015-11-27,72.0636,72.1303,71.6632,71.8041,871391
2015-11-30,71.8263,72.0043,71.3667,71.463,2989955
2015-12-01,71.8782,72.2786,71.4556,71.6558,3264434
2015-12-02,71.4556,71.767,71.0404,71.1591,2070604
2015-12-03,71.1591,71.4037,69.8616,70.0989,3290779
2015-12-04,70.2916,71.6929,70.0989,71.5668,4564832
2015-12-07,71.5742,71.7003,71.1368,71.3963,2280170
2015-12-08,70.1804,71.0998,69.8765,71.0034,3792666
2015-12-09,70.5066,71.463,69.8393,70.0396,2777553
2015-12-10,70.1582,70.755,69.9209,70.173,2282477
2015-12-11,69.6095,69.7727,68.6828,68.9645,2947128
2015-12-14,69.224,69.528,68.6235,69.224,2977382
2015-12-15,69.7282,69.9135,68.5049,68.6235,5072446
2015-12-16,68.9571,69.9877,68.5012,69.7875,3700448
2015-12-17,70.2738,70.4148,68.2097,68.2246,3519891
2015-12-18,67.7346,68.4993,67.6455,67.7346,6392462
2015-12-21,68.0538,68.6701,67.9796,68.6626,2930659
2015-12-22,68.9893,69.0673,68.1058,68.8557,2019729
2015-12-23,69.4497,69.7615,68.9596,69.5833,1645539
2015-12-24,69.3754,69.7095,69.3234,69.3457,660662
2015-12-28,69.1898,69.4571,68.9522,69.3531,1282206
2015-12-29,69.9323,70.2292,69.5684,69.9174,1661646
2015-12-30,69.8506,69.9916,69.1527,69.3086,1266343
2015-12-31,68.9819,69.5536,68.852,68.9596,1739511
2016-01-04,67.6084,68.232,67.5118,68.0687,4391216
2016-01-05,68.1132,68.4028,67.6381,68.1949,2850953
2016-01-06,67.4005,67.8682,66.8733,67.4005,3683427
2016-01-07,66.2942,66.8213,65.4552,65.6705,4510314
2016-01-08,65.8561,66.5838,65.5517,65.7077,3347608
2016-01-11,65.9675,66.1531,65.0469,65.6705,3332419
2016-01-12,,,,65.7448,0
2016-01-13,66.2051,66.2348,64.1411,64.2376,2975550
2016-01-14,64.2747,65.1879,63.7104,64.8241,3080995
2016-01-15,63.807,64.1587,63.161,63.2501,4866132
2016-01-19,64.1114,64.3044,62.8492,63.5619,3358632
2016-01-20,62.7081,63.5916,61.9954,63.109,4732303
2016-01-21,62.8046,63.161,62.2552,62.6858,3847672
2016-01-22,63.5174,63.6362,62.9012,63.3689,3553566
2016-01-25,63.3838,63.5916,62.5448,62.6487,3115098
2016-01-26,61.5425,63.0719,60.3248,62.8715,6550922
2016-01-27,62.8715,63.5323,62.1067,62.5522,4857372
2016-01-28,62.9457,63.1684,62.3666,62.7155,3570299
2016-01-29,63.1387,64.3861,62.7378,64.3341,4527724
2016-02-01,64.1633,64.2524,63.3392,63.8218,2729532
2016-02-02,62.9977,63.2204,62.3963,62.6413,2691960
2016-02-03,63.1981,63.458,61.9211,63.1387,2460327
2016-02-04,63.0051,64.3712,62.968,64.1856,3067529
2016-02-05,63.8738,64.1114,62.8566,63.1387,3023902
2016-02-08,62.7601,62.9977,61.5276,62.4705,4497195
2016-02-09,61.8246,63.7995,61.6613,63.2501,2577513
2016-02-10,63.6436,64.4677,63.1313,63.265,2167714
2016-02-11,62.077,62.8418,61.5202,62.0622,2857818
2016-02-12,62.6339,63.0793,62.1958,63.0497,2575414
2016-02-16,63.9852,64.4381,63.7104,64.2153,2866746
2016-02-17,64.6237,64.9281,64.3267,64.6459,2588365
2016-02-18,64.3044,64.735,64.2094,64.349,1727242
2016-02-19,64.2747,64.5865,63.8738,64.3341,2626666
2016-02-22,64.9652,65.3958,64.8538,65.1508,2277110
2016-02-23,64.839,65.2548,64.4232,64.8316,1822143
2016-02-24,64.4752,64.9763,64.0891,64.7425,2746358
2016-02-25,64.7425,65.5443,64.5346,65.5295,2124815
2016-02-26,65.7448,66.2793,65.5592,66.1309,3108398
2016-02-29,65.9749,66.7323,65.7968,66.2793,4393482
2016-03-01,66.7248,67.4005,66.5541,67.2668,3928922
2016-03-02,67.0961,67.9944,66.9253,67.1851,3349357
2016-03-03,67.4599,67.6677,67.0218,67.4376,2628478
2016-03-04,67.549,67.9276,67.007,67.3485,3447260
2016-03-07,66.9921,67.2223,66.7471,66.9995,3354745
2016-03-08,66.7174,66.8548,65.923,66.0418,3017541
2016-03-09,66.3981,66.4056,65.5592,65.6854,2630987
2016-03-10,66.2051,66.5021,65.574,66.2348,2816902
2016-03-11,66.9476,67.4821,66.6877,67.2742,2866050
2016-03-14,67.2371,68.1578,66.8585,67.9202,2769535
2016-03-15,67.742,68.4251,67.6381,68.091,2689806
2016-03-16,68.0464,68.091,67.445,67.7791,2364653
2016-03-17,67.8608,69.665,67.742,69.4571,4312651
2016-03-18,69.806,70.749,69.4497,70.749,7329053
2016-03-21,70.5336,70.7341,70.0288,70.3109,2202795
2016-03-22,69.7606,70.772,69.649,70.601,2676285
2016-03-23,70.6233,70.653,70.2067,70.5341,1939742
2016-03-24,70.2217,70.5341,69.9986,70.4894,2987521
2016-03-28,70.4746,70.8315,70.2967,70.6382,2019384
2016-03-29,70.6084,71.01,70.2068,70.8464,2023117
2016-03-30,71.1216,71.315,70.6084,70.6754,2430213
2016-03-31,70.772,70.7981,70.3816,70.5489,2163218
2016-04-01,70.1659,71.2406,69.7308,71.1216,2016463
2016-04-05,69.2029,69.5003,69.0541,69.3664,2064348
2016-04-06,69.2325,69.8275,69.0415,69.7903,2570350
2016-04-07,69.1656,69.5375,68.7566,69.3739,2517149
2016-04-08,69.716,70.0581,69.1582,69.3069,1514241
2016-04-11,69.3367,69.6342,68.9128,68.9276,1893631
2016-04-12,69.1136,69.7085,68.9722,69.5226,1514093
2016-04-13,69.7903,70.1845,69.597,70.0953,1784700
2016-04-14,70.3779,70.5192,69.9316,69.9465,1712011
2016-04-15,70.0209,70.1845,69.7532,69.9986,1469423
2016-04-18,70.0432,70.363,69.9168,70.1771,1827837
2016-04-19,70.4151,70.6084,70.2514,70.5266,2010950
2016-04-20,70.4076,70.839,70.0729,70.5935,2681216
2016-04-21,71.0695,72.4826,70.6159,71.3893,3739843
2016-04-22,71.0249,71.9174,71.0175,71.7091,2456499
2016-04-25,71.5529,71.8281,71.2629,71.7314,2132085
2016-04-26,71.6422,71.8579,71.3447,71.6645,1871084
2016-04-27,71.7686,72.3785,71.5009,72.2818,2645649
2016-04-28,71.843,72.5272,71.5083,71.6571,2395024
2016-04-29,71.3075,72.1405,71.248,71.9546,2871090
2016-05-02,71.9397,72.5718,71.6868,72.4305,2268939
2016-05-03,71.9322,72.2148,71.6942,72.0512,2098786
2016-05-04,71.1736,71.8579,70.9654,71.3298,2876207
2016-05-05,71.6719,71.8058,71.2331,71.4786,2145423
2016-05-06,71.4488,72.2818,71.2331,72.2223,2184470
2016-05-09,72.1405,72.4231,71.8393,72.1851,1355474
2016-05-10,72.5049,73.1371,72.2892,73.1222,1896572
2016-05-11,73.0999,73.4643,72.7206,72.8173,1908891
2016-05-12,72.9139,73.1519,72.4231,72.9734,1866406
2016-05-13,72.8768,73.2337,72.2,72.4157,2406603
2016-05-16,72.6685,73.5685,72.345,73.3676,2387699
2016-05-17,73.3974,73.6948,72.9437,73.2114,1895723
2016-05-18,73.0404,73.3788,72.6016,73.1296,2140597
2016-05-19,72.7057,73.0181,72.1628,72.8619,2841949
2016-05-20,73.2114,73.9254,72.9288,73.442,2394109
2016-05-23,73.1222,73.6651,72.8842,73.5089,1903223
2016-05-24,73.6205,74.6022,73.4048,74.3493,3096787
2016-05-25,74.2898,74.7435,74.0518,74.1188,2071882
2016-05-26,74.1485,74.3419,73.6353,73.7767,1583011
2016-05-27,73.8436,73.9254,73.4866,73.561,2391259
2016-05-31,73.2784,73.3974,72.7362,73.0329,5389387
2016-06-01,72.8318,73.6736,72.7647,73.4799,2598988
2016-06-02,73.0627,73.5395,72.869,73.4799,1643777
2016-06-03,73.1372,73.319,72.7498,73.2191,2297908
2016-06-06,73.2266,73.9864,73.2266,73.7704,2336898
2016-06-07,73.8821,74.411,73.7704,74.0833,1889786
2016-06-08,73.9417,74.7165,73.9343,74.6122,2280302
2016-06-09,74.4632,74.858,74.3067,74.7835,1780529
2016-06-10,74.2472,74.3961,73.8523,73.979,1717553
2016-06-13,73.8002,74.1801,73.0478,73.0702,2315330
2016-06-14,72.951,73.6289,72.6307,73.4948,1949638
2016-06-15,73.6959,73.7406,73.1447,73.1596,2132579
2016-06-16,72.869,73.9418,72.7498,73.8002,2062093
2016-06-17,73.748,73.8449,72.7349,72.8243,5320649
2016-06-20,73.7331,74.2099,73.5395,73.5544,2625897
2016-06-21,73.8523,73.9641,73.532,73.7704,1651719
2016-06-22,73.9343,74.1876,73.6959,73.7778,1788951
2016-06-23,74.411,74.8207,74.1518,74.8207,2343924
2016-06-24,72.7424,74.5004,72.7424,73.1596,7889374
2016-06-27,72.6455,73.2191,72.139,72.4966,5037271
2016-06-28,72.8094,73.1447,72.2433,73.0925,3392987
2016-06-29,73.5171,74.7386,73.5171,74.5749,3013804
2016-06-30,74.6569,75.2379,74.6271,75.2379,4369150
2016-07-01,75.4912,76.5713,75.2528,76.2212,4171045
2016-07-05,76.0935,79.0224,76.0148,79.0224,15646118
2016-07-06,78.875,79.6613,78.3639,79.2386,9547345
2016-07-07,79.7006,79.8677,78.6686,79.3173,4150913
2016-07-08,79.6121,79.8873,79.1109,79.4745,5096238
2016-07-11,79.6908,79.7497,78.6391,78.7079,5613809
2016-07-12,78.875,79.4057,78.875,78.9634,3709196
2016-07-13,79.3271,79.8775,79.1207,79.6515,3008812
2016-07-14,80.3198,80.3957,79.278,79.4942,2916325
2016-07-15,79.9168,80.3001,79.3664,79.5335,2945984
2016-07-18,79.6318,80.1822,79.16,79.5532,2341632
2016-07-19,79.3664,79.622,79.1895,79.4942,2845848
2016-07-20,79.8873,80.2019,79.7153,79.9955,2329981
2016-07-21,79.9955,80.3395,79.6908,79.8972,3560030
2016-07-22,80.0053,80.0673,79.278,79.848,3100062
2016-07-25,80.7326,80.7768,79.1905,79.8972,3919087
2016-07-26,79.8775,79.9561,79.5532,79.7301,3342565
2016-07-27,79.8284,80.0249,79.2878,79.4647,3052899
2016-07-28,79.7104,79.9561,79.3566,79.7891,2755724
2016-07-29,79.9267,80.3591,79.7989,80.0446,3428543
2016-08-01,79.848,80.482,79.7891,80.1036,3062479
2016-08-02,79.8677,80.1331,79.2092,79.5433,2299999
2016-08-03,79.7203,79.8873,79.2976,79.5925,1917367
2016-08-04,79.6121,79.9463,79.4156,79.7301,1934805
2016-08-05,79.8677,80.2215,79.7497,80.1036,2056144
2016-08-08,80.2608,80.3001,79.8087,79.8873,1634579
2016-08-09,80.1036,80.251,79.6809,79.8087,1593124
2016-08-10,79.8677,79.9365,79.563,79.8284,2737848
2016-08-11,79.8972,80.3591,79.8579,80.1429,1649104
2016-08-12,79.966,80.1232,79.7202,79.9955,1203183
2016-08-15,80.3296,80.3886,79.7596,79.8382,2926567
2016-08-16,79.8087,79.8087,79.1797,79.3173,2074136
2016-08-17,79.4352,79.6613,79.1404,79.6318,1606048
2016-08-18,79.5237,79.6023,78.4917,79.1797,2644714
2016-08-19,79.0322,79.4057,78.7767,79.3566,2134186
2016-08-22,79.4057,79.5925,79.1502,79.5433,1875081
2016-08-23,79.7694,79.9365,79.4549,79.6416,2205013
2016-08-24,79.5925,79.7104,79.0912,79.2288,2173623
2016-08-25,79.0421,79.2976,78.9438,79.1404,1766400
2016-08-26,79.3762,80.0692,79.3025,79.8087,1990163
2016-08-29,79.7989,80.6736,79.7989,80.4377,2527394
2016-08-30,81.224,81.224,79.7301,79.8087,1563836
2016-08-31,79.8087,80.2707,79.622,80.0151,3634917
2016-09-01,80.1527,80.4476,79.8677,80.0446,2336583
2016-09-02,80.4083,80.4476,79.2976,79.7989,2390000
2016-09-06,79.6023,79.8284,77.784,78.1378,6146997
2016-09-07,78.0101,78.4111,77.8233,77.9904,3844479
2016-09-08,77.7938,77.9118,77.3909,77.6464,3085250
2016-09-09,77.2041,77.2041,75.6905,75.7003,3914827
2016-09-12,75.4644,77.0567,75.2777,76.8699,4003488
2016-09-13,76.5653,76.5947,75.5431,75.5431,3710712
2016-09-14,75.4841,75.6561,74.8452,75.1401,3652318
2016-09-15,75.3072,75.9362,74.9239,75.4841,4506541
2016-09-16,75.7593,75.8478,75.0123,75.258,8103652
2016-09-19,75.3465,76.0247,75.317,75.4939,2670475
2016-09-20,75.9559,75.9559,75.2679,75.4055,2490325
2016-09-21,75.602,76.2114,75.3219,76.123,2785221
2016-09-22,76.693,76.7717,76.1918,76.3392,2494325
2016-09-23,76.123,76.4964,76.0148,76.2606,2796870
2016-09-26,76.1328,76.1328,75.0983,75.2875,3196345
2016-09-27,75.3662,76.3785,75.1008,76.2999,3163295
2016-09-28,76.167,76.4623,75.9208,76.4131,2047380
2016-09-29,76.2654,76.4032,75.6354,75.9307,3287842
2016-09-30,76.2457,77.4861,76.2162,77.1711,3411312
2016-10-03,76.7478,77.2006,76.6001,76.7773,2662795
2016-10-04,77.0628,77.112,76.226,76.4525,1984522
2016-10-05,76.6297,76.7872,76.1571,76.5706,2090105
2016-10-06,76.5312,77.2006,76.354,77.1022,2958882
2016-10-07,77.1317,77.2794,76.5214,77.0333,2614456
2016-10-10,77.1809,77.555,76.8561,77.0037,1446262
2016-10-11,76.6001,76.6001,74.7494,75.153,4283339
2016-10-12,75.3597,76.3245,75.3597,75.5861,3146169
2016-10-13,75.1431,75.4778,74.7789,75.025,2791054
2016-10-14,75.5664,75.6058,74.8576,74.9758,3221072
2016-10-17,75.1136,75.153,74.5328,74.6804,2197832
2016-10-18,75.0545,75.4385,74.8773,75.2416,1630365
2016-10-19,75.3892,76.039,75.0545,75.9602,2914135
2016-10-20,77.0136,79.6814,76.4298,78.9333,6498338
2016-10-21,78.441,79.0317,78.1359,78.9234,4569708
2016-10-24,79.4649,79.9817,78.8053,79.0416,3481173
2016-10-25,78.8151,78.8545,77.5058,77.5452,3513821
2016-10-26,77.3089,77.3089,76.3048,76.5312,3268018
2016-10-27,76.7478,78.3229,76.7281,77.112,4207901
2016-10-28,77.1022,77.7519,76.61,76.9742,2599861
2016-10-31,77.0333,77.3483,76.7478,77.3286,2617131
2016-11-01,77.4861,77.496,75.6255,75.8322,4240783
2016-11-02,75.8519,76.2654,75.4877,75.5468,2771787
2016-11-03,75.7633,76.0981,75.2022,75.3499,2867000
2016-11-04,75.468,76.2949,75.3991,75.7436,2597055
2016-11-07,76.5115,77.1908,76.5017,76.9841,3708306
2016-11-08,76.9151,78.1743,76.7379,77.7027,3940444
2016-11-09,77.7125,79.2877,77.0628,78.9825,4677368
2016-11-10,79.7011,80.0359,78.8348,78.9923,3879659
2016-11-11,79.6421,80.0359,79.0317,79.6814,3585459
2016-11-14,79.6125,79.9276,77.7716,77.8701,4662977
2016-11-15,79.2778,79.396,78.126,78.3918,4859510
2016-11-16,78.4017,79.012,78.2048,78.9628,5203391
2016-11-17,79.0219,79.1991,78.6872,78.7265,2868854
2016-11-18,78.697,78.7265,77.3877,77.7618,3304863
2016-11-21,78.0276,78.382,77.1908,77.9882,4563954
2016-11-22,77.6338,77.939,76.8167,77.2006,4022603
2016-11-23,77.0037,77.9784,76.9545,77.9291,1848627
2016-11-25,78.2245,78.697,78.0768,78.3229,955171
2016-11-28,78.2737,78.4706,77.5944,77.8011,2368913
2016-11-29,77.8011,78.1063,77.5255,77.8996,1864121
2016-11-30,77.998,78.1457,76.7872,76.9545,5574489
2016-12-01,76.9151,77.1022,75.7141,75.8224,3936665
2016-12-02,75.8815,76.2359,75.281,76.1177,3344077
2016-12-05,76.5017,76.5903,75.8126,75.911,2924790
2016-12-06,76.1276,76.2063,75.2416,76.1768,3465070
2016-12-07,76.0981,76.2851,75.0841,75.7732,4687950
2016-12-08,75.8027,76.9545,75.783,76.5312,4265725
2016-12-09,76.7084,76.8856,76.2457,76.8856,2927079
2016-12-12,76.7084,77.0037,76.3146,76.6198,4794276
2016-12-13,76.9545,78.3131,76.9447,78.0079,5754974
2016-12-14,77.9882,78.2737,77.3188,77.4861,3764781
2016-12-15,77.3778,78.6872,77.2597,78.4903,4652291
2016-12-16,78.697,79.3664,77.7913,77.9882,4613704
2016-12-19,77.9094,78.4312,77.1908,77.3877,2722757
2016-12-20,77.6141,77.7913,77.2597,77.6239,5482231
2016-12-21,77.3089,77.6682,77.1022,77.1416,2694589
2016-12-22,76.9841,77.4369,76.9545,77.112,2055989
2016-12-23,77.1711,77.7913,77.0923,77.7224,1342176
2016-12-27,77.6929,78.0965,77.555,77.5944,2201634
2016-12-28,77.481,77.767,76.9634,77.0373,1795006
2016-12-29,77.057,77.343,76.9289,77.1261,1297726
2016-12-30,77.4613,77.4613,76.5739,76.7514,2014534
2017-01-03,77.343,77.8459,77.1261,77.6782,2841775
2017-01-04,77.6289,78.6642,77.5501,78.1712,3195411
2017-01-05,78.1811,78.9305,78.0332,78.891,3389066
2017-01-06,78.8713,79.5862,78.6149,79.3052,2103601
2017-01-09,79.2756,79.5615,79.1278,79.4629,2317422
2017-01-10,79.3446,80.1827,79.2361,79.9658,3497753
2017-01-11,79.877,80.6264,79.5122,80.2123,2780043
2017-01-12,79.9165,80.3109,79.5812,80.1531,3596972
2017-01-13,80.1433,80.4489,79.9461,80.2222,2466024
2017-01-17,79.8672,79.9461,79.1375,79.7784,3215663
2017-01-18,80.3602,80.4588,79.8672,80.0545,2117993
2017-01-19,79.9559,80.163,79.108,79.4728,2930833
2017-01-20,79.7094,79.7784,78.9995,79.4038,2211444
2017-01-23,79.1967,79.3742,78.7431,78.8812,2455269
2017-01-24,78.891,79.3199,77.8656,78.9108,3009201
2017-01-25,79.1277,79.9263,79.0488,79.8968,2236215
2017-01-26,79.7291,79.8869,79.4235,79.6601,1910307
2017-01-27,79.8277,79.8869,79.3692,79.8277,2277269
2017-01-30,80.1729,80.2024,78.6149,79.2361,2314067
2017-01-31,81.2377,82.9337,80.7152,82.7464,6236935
2017-02-01,83.3675,83.5549,81.6913,82.3717,4643245
2017-02-02,81.9575,82.697,81.4547,82.5294,2380694
2017-02-03,82.6675,82.7858,82.1597,82.5196,1713853
2017-02-06,82.0857,82.204,81.4054,81.8294,2064660
2017-02-07,81.8392,82.135,81.6026,81.9181,1739594
2017-02-08,81.5237,81.9477,81.4152,81.8195,1699638
2017-02-09,81.8491,82.8252,81.7505,82.5886,2097355
2017-02-10,82.5984,82.8942,82.3815,82.8055,1338031
2017-02-13,82.8449,83.1013,82.6379,83.0126,1468059
2017-02-14,82.5393,83.1112,82.3815,82.9238,1326936
2017-02-15,82.5787,83.5056,82.4703,83.4267,2080955
2017-02-16,83.3971,83.4563,82.4703,83.0717,2485588
2017-02-17,82.8942,83.0767,82.5097,82.8745,2342419
2017-02-21,83.3478,83.8803,83.1408,83.5647,2307584
2017-02-22,83.4563,83.7324,83.3182,83.614,2066548
2017-02-23,83.8112,83.9986,83.4464,83.9394,1787790
2017-02-24,84.1268,84.8761,83.8211,84.8761,1973365
2017-02-27,84.7184,85.1226,84.5705,84.9254,1740832
2017-02-28,84.6691,84.8564,84.2352,84.3536,2278488
2017-03-01,85.3396,86.365,85.0536,86.0396,2560828
2017-03-02,85.7636,85.7833,85.241,85.4086,1529068
2017-03-03,85.4579,85.7438,85.0043,85.6157,2193382
2017-03-06,84.9846,85.2755,84.4374,84.886,2217865
2017-03-07,84.7775,85.1226,84.5508,84.8663,1588574
2017-03-08,84.8268,85.5861,84.6888,85.4086,1871880
2017-03-09,85.31,86.2171,85.31,86.0889,2310193
2017-03-10,86.3157,86.7791,86.1136,86.5326,2240952
2017-03-13,86.365,86.4636,85.734,86.2763,1632540
2017-03-14,86.0594,86.0594,85.2311,85.6452,1669827
2017-03-15,85.8424,86.5721,85.7833,86.2467,1781892
2017-03-16,86.0791,86.2467,84.7874,85.1917,2648226
2017-03-17,85.31,85.6551,85.1818,85.4579,3107209
2017-03-20,85.5762,85.6748,85.1325,85.2607,1536652
2017-03-21,85.5861,85.8523,84.7085,85.0733,1825805
2017-03-22,85.2015,85.3494,84.6198,85.1128,1754540
2017-03-23,85.1128,85.448,84.7874,85.0931,2195025
2017-03-24,85.1325,85.665,84.4127,84.8071,3112519
2017-03-27,84.3831,85.029,84.2057,84.8367,2097345
2017-03-28,84.5705,84.8515,84.107,84.6888,3073049
2017-03-29,84.4814,84.7727,84.195,84.5604,1641036
2017-03-30,84.6098,84.9555,84.353,84.6592,2253199
2017-03-31,84.1555,84.7579,84.1555,84.4715,2174356
2017-04-03,84.5999,84.8814,84.0271,84.4221,2563353
2017-04-04,84.5703,84.5703,83.8345,84.2147,2563142
2017-04-05,84.5209,85.5184,84.3333,84.7086,2522133
2017-04-06,84.5407,85.2121,83.9283,85.0641,1997822
2017-04-07,84.9653,85.2764,84.7382,85.0048,1341513
2017-04-10,85.1135,85.2913,84.8271,85.0443,1635635
2017-04-11,84.8172,85.153,84.6098,85.1431,1277730
2017-04-12,85.3406,85.3406,84.5209,84.6888,1609731
2017-04-13,84.4518,85.1974,84.3826,84.7184,1975146
2017-04-17,84.8666,85.6468,84.7481,85.627,1661306
2017-04-18,85.3209,85.5678,85.1234,85.469,1875724
2017-04-19,85.8048,85.9135,85.069,85.3703,2583421
2017-04-20,84.4419,84.7054,81.8247,81.8642,8816984
2017-04-21,81.8642,82.121,80.5655,80.6889,7637358
2017-04-24,81.6272,82.1704,81.1037,81.4395,5328644
2017-04-25,81.7753,82.5061,81.6272,82.2691,6760446
2017-04-26,82.6247,82.9605,81.7951,81.9531,4874439
2017-04-27,82.1407,82.2691,81.7556,81.8839,2769594
2017-04-28,81.8938,82.4617,81.8444,82.2987,4264409
2017-05-01,82.5358,82.8617,82.0913,82.1012,4232737
2017-05-02,82.3679,82.6444,81.9136,81.9728,3742083
2017-05-03,82.0025,82.2197,81.4198,81.7852,2217979
2017-05-04,81.7556,83.0987,81.7556,83.0395,2997440
2017-05-05,83.3358,83.3456,82.674,82.8222,1632307
2017-05-08,82.8518,82.8617,82.358,82.358,3284716
2017-05-09,82.2592,82.5852,81.9926,82.1407,2448674
2017-05-10,82.0716,82.4271,81.7556,82.1802,1748962
2017-05-11,81.9827,82.1802,81.4494,81.7556,1974731
2017-05-12,81.5975,82.0617,81.5383,81.8148,2134388
2017-05-15,82.0025,82.5259,81.9037,82.2494,2755073
2017-05-16,82.2,82.4666,81.4691,81.9827,2005457
2017-05-17,81.479,81.642,80.8371,80.8864,2156221
2017-05-18,80.7383,81.2222,80.3531,80.7679,2689438
2017-05-19,81.0247,81.558,80.6988,81.1235,3108303
2017-05-22,81.1235,82.0716,81.0346,81.8839,3444839
2017-05-23,82.2691,83.6518,82.1407,82.9111,2838911
2017-05-24,83.3555,83.3555,82.7728,82.921,2209885
2017-05-25,82.9111,83.5728,82.6247,83.4641,1955294
2017-05-26,83.2666,83.474,83.0049,83.3555,1084109
2017-05-30,83.1481,83.8987,82.8716,83.7604,2426407
2017-05-31,83.9481,84.4221,83.8592,83.8888,3838948
2017-06-01,84.2147,85.4098,83.9678,85.0345,3334098
2017-06-02,85.0542,85.9233,85.0147,85.7653,2480187
2017-06-05,85.7258,85.8048,85.4394,85.4591,1670996
2017-06-06,85.2024,85.3209,84.6394,84.669,2571475
2017-06-07,84.2542,84.7974,84.2542,84.3728,2687713
2017-06-08,84.2542,84.4419,83.159,83.5135,2574256
2017-06-09,83.6814,83.8098,82.9901,83.4444,2527353
2017-06-12,83.5135,83.874,82.7827,83.0296,2959143
2017-06-13,83.1284,83.4049,82.9407,83.1284,3252649
2017-06-14,83.316,83.7209,83.079,83.4148,2332861
2017-06-15,83.0493,83.3456,82.6148,83.3358,2484244
2017-06-16,83.5629,83.9678,83.2123,83.4345,4916863
2017-06-19,83.7506,84.4913,83.4839,84.2147,2321434
2017-06-20,84.2345,85.0542,84.0863,84.6197,2976426
2017-06-21,84.8567,85.5431,84.6394,85.4098,3242019
2017-06-22,85.3604,85.6665,84.8764,84.8962,2609394
2017-06-23,84.9061,84.9552,84.0172,84.5999,4874774
2017-06-26,84.6394,84.8715,84.3777,84.4123,1782231
2017-06-27,84.274,84.437,83.5728,83.5728,1656845
2017-06-28,84.1267,84.2355,83.6865,83.8102,2313257
2017-06-29,83.7904,83.9586,83.0188,83.1276,2404290
2017-06-30,83.3749,83.7706,83.177,83.4837,2758857
2017-07-03,83.8695,84.0872,83.3551,83.3551,1051920
2017-07-05,83.3254,83.4639,82.9693,83.1869,2561602
2017-07-06,82.8011,82.8209,81.7921,82.0394,2875305
2017-07-07,82.3065,82.356,82.0493,82.1779,2877291
2017-07-10,82.2175,82.3461,81.6041,81.6734,2974573
2017-07-11,81.7624,82.4648,81.52,82.2076,2592979
2017-07-12,82.7714,82.9693,82.3658,82.5934,2914062
2017-07-13,82.3658,83.6222,82.2669,83.3551,4126026
2017-07-14,83.4145,84.374,83.0089,84.0872,3060275
2017-07-17,84.2257,85.027,84.008,84.5521,3511104
2017-07-18,84.4433,84.7203,84.0179,84.562,2862519
2017-07-19,84.6016,84.9676,84.374,84.8687,2905318
2017-07-20,81.1787,83.2958,80.6247,82.3065,9551332
2017-07-21,82.1284,82.5043,81.6338,82.1581,3606106
2017-07-24,82.079,83.1474,82.079,82.1383,3089970
2017-07-25,82.3856,82.5934,81.0106,81.1095,4903517
2017-07-26,81.2183,81.4359,80.7534,81.1293,2812389
2017-07-27,81.5349,81.5448,79.9817,80.2884,4977282
2017-07-28,80.3181,80.7039,79.8086,80.5555,3018302
2017-07-31,80.7632,81.0996,80.5258,80.6149,2168216
2017-08-01,80.1202,80.6099,79.8927,80.5456,1762252
2017-08-02,79.9323,80.7187,79.7245,80.4071,4393258
2017-08-03,80.4665,80.694,80.1103,80.4071,2506615
2017-08-04,80.6544,80.6544,80.046,80.14,2425291
2017-08-07,80.1202,80.6099,79.8927,80.5555,1898426
2017-08-08,80.4467,80.8226,79.2794,79.408,2997069
2017-08-09,79.4277,79.8136,79.1606,79.3684,2666513
2017-08-10,79.1903,79.2892,78.1219,78.4385,3681397
2017-08-11,78.3989,79.309,78.2505,78.9628,2433944
2017-08-14,79.1903,79.8482,78.9826,79.7344,2351393
2017-08-15,79.7542,80.0114,79.4673,79.6948,1798771
2017-08-16,80.0213,80.971,79.952,80.6841,3159127
2017-08-17,80.6643,80.9116,80.0411,80.0411,2290773
2017-08-18,79.8729,80.4467,79.5811,80.0015,2861306
2017-08-21,80.0213,80.6346,79.9323,80.2093,2361857
2017-08-22,80.2785,81.6833,80.2785,81.6338,2279837
2017-08-23,81.3568,81.4854,80.6544,80.9413,1969228
2017-08-24,80.9017,80.9908,80.3478,80.9314,2043669
2017-08-25,81.2282,81.4755,81.0402,81.2777,2342931
2017-08-28,81.5349,81.703,81.2579,81.4854,1710600
2017-08-29,80.9215,81.3222,80.8424,81.1095,1989942
2017-08-30,80.9512,81.3865,80.8414,81.2579,1940347
2017-08-31,81.5448,82.6923,81.3766,82.5241,2797533
2017-09-01,82.4747,82.6428,81.7871,82.3362,1608020
2017-09-05,82.2966,82.534,81.9207,82.168,2096900
2017-09-06,82.3164,83.276,82.1383,83.1177,3393326
2017-09-07,83.3749,84.3444,83.088,84.1861,3263944
2017-09-08,84.285,86.4614,84.1564,85.8283,5474756
2017-09-11,85.8283,86.3427,85.8085,86.1349,2630561
2017-09-12,86.1349,86.389,85.8579,86.3328,2158100
2017-09-13,86.3526,86.6395,86.0261,86.3031,2465965
2017-09-14,86.1646,87.5298,86.0459,87.5001,3270416
2017-09-15,87.0846,87.5298,86.6988,87.2627,3582287
2017-09-18,87.4408,87.6386,87.0747,87.1638,1671125
2017-09-19,87.2033,87.6683,85.8777,85.9371,3143822
2017-09-20,86.0954,86.1943,85.1951,85.5315,3532402
2017-09-21,85.6601,85.9964,85.4424,85.4919,1892767
2017-09-22,85.5414,85.9569,85.1852,85.848,1906334
2017-09-25,85.9173,86.1349,84.5818,85.0764,2202686
2017-09-26,84.9379,85.1259,84.2355,84.5422,2388193
2017-09-27,84.8687,85.2248,84.0476,84.5422,2546562
2017-09-28,84.5026,84.7503,83.8585,84.2648,2769566
2017-09-29,84.3044,85.1169,84.2251,84.998,2324440
2017-10-02,85.216,86.0384,85.0773,85.7313,1910585
2017-10-03,86.0087,86.0979,85.3151,85.7313,1234976
2017-10-04,85.4637,86.2564,85.4637,86.088,1586792
2017-10-05,86.1673,86.3159,85.7313,86.1772,1554990
2017-10-06,86.197,86.9005,86.0844,86.8311,2074587
2017-10-09,86.8411,86.9005,85.9096,86.2366,2247147
2017-10-10,86.0483,86.6231,86.0483,86.3753,1875024
2017-10-11,86.4051,86.6924,86.1375,86.1673,1372549
2017-10-12,86.197,86.6528,85.98,86.2366,2042682
2017-10-13,86.0384,86.3109,85.8304,86.0483,2042690
2017-10-16,86.1772,86.4348,85.1764,85.3448,2877910
2017-10-17,84.671,85.1665,83.046,84.4828,4838035
2017-10-18,84.6116,85.3944,84.3242,85.2656,3369310
2017-10-19,89.0111,90.8045,88.1887,89.2786,8927307
2017-10-20,89.2291,90.4974,89.2291,89.9623,4113494
2017-10-23,90.3983,90.8839,89.5858,89.6453,2906675
2017-10-24,90.002,90.3983,89.3876,90.1209,3515673
2017-10-25,90.0317,90.1407,89.3084,89.8236,2145853
2017-10-26,89.8732,90.7947,89.5164,90.6262,2691883
2017-10-27,90.5866,91.4189,90.5767,91.409,2875447
2017-10-30,91.1316,91.3595,90.6659,90.973,2321042
2017-10-31,90.8938,91.627,90.8343,91.4288,2857796
2017-11-01,91.5279,92.281,91.2505,92.063,2878852
2017-11-02,91.9937,92.2909,91.5081,91.8648,1949037
2017-11-03,91.736,92.3107,91.3793,92.281,1778775
2017-11-06,92.2711,92.2711,91.5279,91.7757,1806807
2017-11-07,91.8946,92.4395,91.7459,92.3504,1270049
2017-11-08,92.0729,92.5089,91.9243,92.39,2001527
2017-11-09,92.3702,92.4197,91.3496,92.1324,2420968
2017-11-10,91.9639,92.063,90.8145,91.3991,2361630
2017-11-13,91.3099,92.5287,91.0028,92.4792,2041014
2017-11-14,91.9639,92.4594,91.6369,92.3405,1974843
2017-11-15,92.2216,92.281,91.5775,91.5775,1844092
2017-11-16,91.7558,93.0044,91.4784,92.7269,1554029
2017-11-17,92.2711,92.7864,91.954,92.4495,1510518
2017-11-20,92.4495,92.9548,92.1819,92.826,1282117
2017-11-21,93.1431,93.3611,92.8954,93.3214,1577715
2017-11-22,93.3413,93.3809,92.4594,92.9053,1580236
2017-11-24,93.153,93.3214,92.7566,93.1629,896604
2017-11-27,93.3313,93.4205,92.9746,93.1926,1398357
2017-11-28,93.3214,93.7971,93.0242,93.4602,2740214
2017-11-29,93.589,93.5986,92.5882,93.0836,1989761
2017-11-30,93.3908,93.9555,92.9845,93.4998,2186240
2017-12-01,93.6286,93.6682,91.9738,92.9647,2311138
2017-12-04,93.3512,93.6286,91.7757,91.9738,2773358
2017-12-05,92.3306,92.3801,91.7261,91.8946,2376939
2017-12-06,92.0036,92.1026,91.3199,91.6865,2038382
2017-12-07,91.6865,92.3206,91.2009,91.8351,1787794
2017-12-08,92.0828,92.5089,91.845,92.3306,1538112
2017-12-11,92.2315,92.4197,91.7459,92.3603,1813928
2017-12-12,92.4693,93.0935,92.172,92.8656,2153379
2017-12-13,92.9449,93.4998,92.7517,93.2917,2377233
2017-12-14,93.0638,93.5196,91.6766,92.0036,2869878
2017-12-15,92.7963,93.48,92.3801,93.1431,5071119
2017-12-18,93.3413,93.9754,93.2323,93.4998,2960657
2017-12-19,93.7079,93.8763,93.1926,93.5196,1878337
2017-12-20,93.7327,94.2925,93.475,93.7574,2979718
2017-12-21,94.0349,94.1389,92.9152,92.9647,2193150
2017-12-22,92.8656,93.2124,92.5585,92.608,2612998
2017-12-26,92.4693,92.9152,92.3999,92.4693,593024
2017-12-27,92.3206,92.8854,91.954,92.7071,1053031
2017-12-28,92.9353,93.0742,92.3696,92.846,750930
2017-12-29,93.2032,93.3124,92.0918,92.1116,1844786
2018-01-02,92.4689,92.7765,91.4765,91.7345,3623822
2018-01-03,91.5361,93.1933,91.5112,92.9551,2474514
2018-01-04,93.4017,94.1857,93.3025,93.4017,2125204
2018-01-05,93.7887,94.2651,93.62,93.9872,1880693
2018-01-08,93.8979,94.5826,93.5704,94.5231,1807760
2018-01-09,95.7834,98.1254,95.7834,97.8574,4359202
2018-01-10,97.2719,97.788,96.4781,97.4903,2465211
2018-01-11,97.7384,97.9418,97.0343,97.8376,2026343
2018-01-12,97.8872,98.8994,97.8773,98.6315,1894508
2018-01-16,99.1178,99.5048,98.3784,98.7109,2227342
2018-01-17,99.2865,99.4105,98.3239,98.83,2542802
2018-01-18,98.7803,99.3063,98.3536,98.9788,1316550
2018-01-19,99.4353,100.1101,99.2765,99.7926,2872583
2018-01-22,99.7132,99.9414,98.9094,99.2071,2163153
2018-01-23,99.4055,99.604,98.9292,99.1872,2383457
2018-01-24,99.5345,100.9239,99.3162,100.6063,2223602
2018-01-25,100.9735,102.2239,100.6559,101.9162,2133979
2018-01-26,102.1941,103.0227,101.9956,103.0078,2433377
2018-01-29,102.8193,103.4246,102.5117,102.8987,2580495
2018-01-30,101.8567,104.0201,100.3582,100.8246,3888539
2018-01-31,101.1323,101.7872,100.0833,100.5071,3308859
2018-02-01,100.1498,101.4124,99.733,101.0826,2289202
2018-02-02,100.4971,101.7475,100.4971,101.4002,4556900
2018-02-05,100.6758,101.0727,95.5551,95.962,4813114
2018-02-06,94.5727,97.8277,94.0269,96.3093,6693891
2018-02-07,95.6445,96.23,94.0269,94.5231,5337006
2018-02-08,94.6719,94.8208,91.4368,91.4567,3443076
2018-02-09,92.588,94.5529,91.1401,93.7391,3693554
2018-02-12,94.404,95.1582,93.8731,94.6819,2247606
2018-02-13,94.0071,94.7216,93.3223,94.2551,2012625
2018-02-14,93.6696,95.4361,93.4017,95.3666,1504893
2018-02-15,96.2498,97.0338,95.6445,96.7261,1896594
2018-02-16,96.5971,97.6689,96.0811,96.7956,1889022
2018-02-20,96.4086,96.9941,95.8429,96.1109,2111592
2018-02-21,95.9521,98.1452,95.8926,96.6071,2177049
2018-02-22,97.133,97.6887,96.3193,96.617,2342375
2018-02-23,96.9643,98.6315,96.8948,98.5719,1646735
2018-02-26,98.7605,100.7155,98.4926,100.0605,3592973
2018-02-27,100.0704,101.0231,98.7803,98.8101,2574816
2018-02-28,99.0384,99.4353,97.0139,97.0338,2047831
2018-03-01,97.004,97.2521,94.4189,95.2574,2299886
2018-03-02,94.791,95.6842,94.1857,95.4857,2318770
2018-03-05,94.9101,97.2422,94.6571,96.8353,1701657
2018-03-06,96.9842,97.0239,96.1506,97.004,1525899
2018-03-07,96.4979,100.4574,96.2101,100.0506,3872602
2018-03-08,100.2689,100.8842,99.8918,100.8345,2423111
2018-03-09,101.3506,103.2758,100.8891,102.9483,3475027
2018-03-12,103.1269,103.4941,102.075,102.6109,2292925
2018-03-13,103.0971,103.4941,101.7823,102.0155,2060033
2018-03-14,102.1941,102.6903,101.0727,101.4002,1513979
2018-03-15,101.5987,101.8765,101.1918,101.4399,1287614
2018-03-16,101.7277,101.8815,101.1124,101.1521,2509196
2018-03-19,101.0132,101.0678,98.7903,99.5445,2147611
2018-03-20,99.5445,100.0903,99.2418,99.7926,2328993
2018-03-21,100.0903,100.2193,99.0384,99.0483,1974902
2018-03-22,98.3239,99.1078,96.4781,96.746,1875723
2018-03-23,97.1628,97.659,94.9796,95.2078,2472428
2018-03-26,96.4086,97.5994,95.7338,97.4109,3181431
2018-03-27,97.9468,98.2345,95.9521,96.5078,2061774
2018-03-28,96.9054,97.3825,95.7722,95.9412,2347561
2018-03-29,96.309,97.9392,96.0804,97.3229,2275774
2018-04-02,97.0346,97.2235,94.4502,95.5237,2601255
2018-04-03,96.1698,97.7602,95.9025,97.641,2172052
2018-04-04,96.2692,98.6648,95.5834,98.466,2183069
2018-04-05,98.963,99.1419,98.1976,98.625,1624484
2018-04-06,97.9392,98.4262,95.1957,96.0804,1804079
2018-04-09,96.7762,98.3566,96.14,97.0147,2019602
2018-04-10,98.2175,99.9371,98.2175,98.9232,2325495
2018-04-11,98.2075,98.5445,97.4372,97.8298,1764863
2018-04-12,98.5455,99.0823,98.3666,98.4063,1485433
2018-04-13,98.9928,99.1618,98.128,98.6449,1344123
2018-04-16,99.5395,100.3248,99.4103,99.8178,1458332
2018-04-17,100.3944,101.3436,99.7681,101.0802,2563346
2018-04-18,101.4182,102.0345,101.0305,101.786,2100845
2018-04-19,102.3824,103.3565,99.8278,100.8914,3388895
2018-04-20,100.7621,101.608,99.7582,100.7323,3660098
2018-04-23,101.0902,101.3784,100.2453,100.5932,2184631
2018-04-24,100.613,101.0305,98.6151,99.4998,2550991
2018-04-25,99.4699,100.5534,98.0087,99.8874,3112933
2018-04-26,100.116,101.7959,99.8874,101.1697,1952226
2018-04-27,101.3884,101.5176,100.6727,101.0305,1497715
2018-04-30,101.0902,101.2094,99.619,99.7184,2229809
2018-05-01,99.7483,100.3645,99.3904,100.285,2347550
2018-05-02,99.9669,100.2453,98.6648,98.963,1966383
2018-05-03,98.5455,98.8338,97.1489,98.4063,3142010
2018-05-04,98.0883,99.8775,97.2831,99.5992,2717294
2018-05-07,99.8079,100.7621,98.8338,98.9829,2636083
2018-05-08,98.9033,99.0524,98.3069,98.5853,2512458
2018-05-09,98.625,99.5494,98.1877,98.9431,2053859
2018-05-10,99.4004,100.8317,99.1419,100.5633,1462562
2018-05-11,100.5335,101.776,100.3248,101.1995,2111598
2018-05-14,101.3287,102.5212,101.2293,102.0543,2567922
2018-05-15,100.8417,101.2293,99.2612,99.6389,2604866
2018-05-16,99.619,100.5932,99.4898,100.0962,1390758
2018-05-17,100.0962,100.6528,99.7781,100.1757,1442935
2018-05-18,100.0465,100.9013,99.7483,100.6429,1753984
2018-05-21,101.11,102.2432,101.0206,101.6269,2165596
2018-05-22,101.7164,101.8655,100.6926,100.8019,1367040
2018-05-23,100.5534,101.7363,100.5136,101.7064,2057831
2018-05-24,101.8257,102.5116,101.2691,101.6766,1310092
2018-05-25,101.7363,102.4022,101.2293,101.5176,1223408
2018-05-29,100.5136,100.8317,99.0226,99.9471,2875532
2018-05-30,100.4242,101.0703,100.1856,100.6429,1494845
2018-05-31,100.7025,100.7025,98.6648,98.6847,2575818
2018-06-01,99.4998,100.3148,99.2015,99.9868,2200593
2018-06-04,100.3844,101.6567,100.2373,101.2591,2218048
2018-06-05,101.4082,102.0842,101.0405,101.4778,1962696
2018-06-06,101.5872,102.2631,101.0802,102.1836,2751377
2018-06-07,102.4122,102.6984,101.5076,101.8854,2229514
2018-06-08,102.1438,102.5812,101.8754,102.3824,1890722
2018-06-11,102.4122,103.3764,102.2631,102.6209,2062225
2018-06-12,102.8197,103.5056,102.3128,102.5414,2768012
2018-06-13,102.611,102.9589,101.9251,102.0046,2068158
2018-06-14,102.3824,102.7849,101.6965,102.0245,2631750
2018-06-15,101.4381,102.4519,100.0266,101.6965,4509475
2018-06-18,100.9609,101.2393,100.0962,100.6627,1645322
2018-06-19,99.8377,100.2055,99.0127,99.4302,2738274
2018-06-20,99.6687,100.0166,98.3268,98.5455,2386770
2018-06-21,98.6051,98.8288,97.0943,97.3229,2809305
2018-06-22,98.1678,99.3507,97.641,98.7045,2923973
2018-06-25,98.4859,98.4859,97.4372,98.2672,2856219
2018-06-26,98.4958,98.953,98.0038,98.5256,2336909
2018-06-27,98.9133,100.1956,97.5614,97.5614,2745486
2018-06-28,97.5415,98.5073,96.6654,98.1887,2013759
2018-06-29,98.3978,99.2142,98.2086,98.2484,2351976
2018-07-02,97.7506,97.8302,96.974,97.7008,2158822
2018-07-03,98.2285,98.8956,97.7805,98.0393,1244026
2018-07-05,98.6467,99.015,97.8153,98.4276,2482961
2018-07-06,98.567,99.0549,98.4376,98.8956,1906549
2018-07-09,99.1644,99.483,98.6068,99.0648,3205747
2018-07-10,99.2639,100.0405,99.0549,99.7219,1761488
2018-07-11,98.8956,99.1743,98.0692,98.1389,1833961
2018-07-12,98.8856,99.8414,98.6566,99.1843,2356351
2018-07-13,99.4332,99.6423,98.0592,98.7661,2104198
2018-07-16,98.6467,98.9852,97.6013,97.7406,1953907
2018-07-17,97.7805,99.4133,97.4818,99.1445,4108910
2018-07-18,99.2142,99.4631,98.0692,98.348,3188999
2018-07-19,105.5364,105.616,102.2608,102.7486,5937130
2018-07-20,102.1214,102.5495,100.6728,100.847,3924143
2018-07-23,100.9565,102.9776,100.5682,102.6889,3493972
2018-07-24,103.5352,103.7542,102.43,103.0971,3320386
2018-07-25,103.0872,103.5551,102.3803,103.0872,3150622
2018-07-26,103.4157,103.9633,102.9279,103.3361,2470159
2018-07-27,103.4058,103.585,102.211,102.3006,2401924
2018-07-30,102.3006,102.5595,101.1556,101.3647,1744868
2018-07-31,101.8725,102.6541,101.3548,102.1314,3611055
2018-08-01,102.1513,102.5296,101.3846,101.5539,2150914
2018-08-02,101.2552,101.4021,100.2894,101.0063,2414830
2018-08-03,101.0163,101.1556,100.4338,100.9266,2224209
2018-08-06,100.5981,101.9969,100.5085,101.8625,2503192
2018-08-07,102.0119,102.1612,101.5041,101.8128,2162860
2018-08-08,101.6933,101.8426,101.1482,101.5041,1376643
2018-08-09,101.7231,101.7431,101.1855,101.2652,1279691
2018-08-10,100.9665,100.9665,99.4033,99.8912,1763721
2018-08-13,99.7916,100.2994,98.6168,99.4232,2216419
2018-08-14,99.5228,100.6479,99.4133,100.3492,1854479
2018-08-15,99.7618,100.0405,99.0748,99.6522,1777654
2018-08-16,100.0804,100.7375,99.6771,100.0405,1579722
2018-08-17,100.17,100.6977,99.9609,100.2695,3012842
2018-08-20,100.3492,100.6528,100.0754,100.1401,1214822
2018-08-21,100.6479,100.9067,100.0107,100.17,1907910
2018-08-22,100.1003,100.4239,99.4133,100.2496,1278150
2018-08-23,100.3293,100.3691,99.2639,99.3137,1630788
2018-08-24,99.5029,99.9659,99.3735,99.712,3335238
2018-08-27,100.1003,102.3006,100.1003,102.0119,2560201
2018-08-28,102.2508,102.4812,101.8526,102.2508,1609595
2018-08-29,102.3603,103.3659,102.0517,103.2066,1992370
2018-08-30,102.5097,103.0872,102.1811,102.5595,2002635
2018-08-31,102.4898,103.2265,102.2409,103.0872,2903600
2018-09-04,103.2066,103.5352,102.3006,103.0971,2241010
2018-09-05,102.9478,103.5651,102.3603,103.5551,1909454
2018-09-06,103.5551,104.3815,103.4366,104.1425,1809638
2018-09-07,104.033,104.4213,103.804,104.2023,1506137
2018-09-10,104.5607,105.1879,104.3914,104.6702,2076253
2018-09-11,104.71,104.9838,103.8837,104.7897,1693195
2018-09-12,105.0884,105.407,104.7797,105.3273,2656755
2018-09-13,105.4667,107.0697,105.4368,106.9502,2228165
2018-09-14,106.9601,107.2987,106.2433,106.4026,1364110
2018-09-17,106.1836,106.1836,105.1979,105.5065,2074918
2018-09-18,105.7753,106.3528,105.4966,106.2931,1857210
2018-09-19,106.532,107.5276,106.308,107.0398,2057454
2018-09-20,107.7566,107.7566,106.9502,107.4978,1797043
2018-09-21,107.6173,108.1151,107.5476,107.6073,4410951
2018-09-24,107.6869,107.8662,106.8606,107.3584,1959459
2018-09-25,107.4779,107.7367,107.1493,107.5476,1963402
2018-09-26,107.6969,108.8419,107.5276,108.4237,2003576
2018-09-27,108.5334,108.9123,107.621,107.8653,2058921
2018-09-28,107.8653,108.5234,107.7733,108.3439,1952517
2018-10-01,108.8624,109.6102,108.663,108.9721,2003353
2018-10-02,109.0219,109.0917,108.471,108.643,1729265
2018-10-03,109.2313,109.8096,108.0647,108.2143,2399654
2018-10-04,107.8454,107.9551,106.2999,106.6887,1874488
2018-10-05,106.8882,107.297,105.562,106.6688,1919212
2018-10-08,106.5292,106.7386,104.2259,105.3028,2100882
2018-10-09,105.4922,106.8084,105.1632,106.4195,3048553
2018-10-10,106.1902,106.2799,103.4582,103.5379,3385957
2018-10-11,103.2588,103.6975,100.2077,100.9754,3516989
2018-10-12,102.5508,103.4881,101.5039,103.0793,2901353
2018-10-15,102.6007,102.7403,101.5438,101.6933,2239738
2018-10-16,102.6505,104.8242,102.2916,104.7444,2347594
2018-10-17,104.3256,105.2031,103.5379,104.6547,3521506
2018-10-18,105.6917,105.7914,100.2077,100.9455,5531383
2018-10-19,100.9056,101.7033,99.5097,100.098,4259964
2018-10-22,100.1777,100.5566,97.3859,98.2733,3649013
2018-10-23,97.0768,97.685,95.3518,97.1366,3383815
2018-10-24,97.4557,98.363,95.3917,95.5313,3315801
2018-10-25,96.2592,98.8815,95.7207,98.0041,3465688
2018-10-26,96.7278,97.8047,95.6509,96.8574,2730650
2018-10-29,98.034,98.5525,95.1624,96.5683,3196071
2018-10-30,96.8574,98.0888,96.2041,97.4357,3178496
2018-10-31,98.3431,100.1478,97.7947,99.1109,2865235
2018-11-01,99.1009,100.4769,98.4627,100.2276,2269916
2018-11-02,100.9954,101.4341,99.6892,100.9555,2601814
2018-11-05,101.2546,101.7201,100.7311,101.464,2067630
2018-11-06,101.3144,101.9326,100.2276,100.9256,2461598
2018-11-07,101.7332,103.867,101.5537,103.7673,2059856
2018-11-08,103.7174,104.7145,103.6451,104.4453,1619427
2018-11-09,104.1063,104.3157,102.9497,104.0863,2609901
2018-11-12,103.8371,104.0564,100.8657,101.2546,2338343
2018-11-13,101.5936,102.5508,100.0082,100.1977,1986358
2018-11-14,101.0652,101.6534,99.7639,100.447,1889029
2018-11-15,99.7889,101.3743,98.4229,101.3543,2265150
2018-11-16,100.9555,103.2837,100.9156,102.8998,2767668
2018-11-19,102.9596,103.1092,100.3373,101.0053,2861320
2018-11-20,100.5666,102.4312,100.2874,101.6734,2773675
2018-11-21,101.9625,103.4681,101.6235,102.6406,2126628
2018-11-23,101.6036,102.7004,101.6036,102.1121,920086
2018-11-26,102.8001,103.1491,102.2517,102.9796,2023426
2018-11-27,102.6505,103.7174,102.142,103.6975,1876929
2018-11-28,104.1561,106.7785,103.9767,106.6588,2180030
2018-11-29,106.0606,108.4436,105.8412,107.626,2300400
2018-11-30,107.7955,109.351,107.6858,109.2214,3278593
2018-12-03,110.1786,110.5375,108.0099,108.324,4518287
2018-12-04,108.3838,108.5832,105.7016,105.9908,4189984
2018-12-06,104.5051,105.223,102.1121,104.555,3584267
2018-12-07,104.3556,105.1631,101.0851,101.5737,2443067
2018-12-10,101.3942,101.797,99.2405,101.4241,3088779
2018-12-11,102.6705,103.2488,100.3074,101.0253,1998936
2018-12-12,102.2517,103.7573,101.6634,101.7332,2715134
2018-12-13,102.3713,103.6975,101.5438,102.2018,2388432
2018-12-14,101.0153,101.5438,98.8516,100.1079,2569745
2018-12-17,99.6792,101.1549,98.9513,100.078,4481791
2018-12-18,100.5866,100.9889,99.1906,100.427,3535274
2018-12-19,100.5866,102.8101,99.1208,100.3572,4260079
2018-12-20,99.5396,100.078,97.3161,98.0739,5365146
2018-12-21,98.1836,100.437,97.6352,98.1935,6292613
2018-12-24,97.7149,97.9792,94.3148,94.5741,3099166
2018-12-26,94.9131,99.7091,94.7237,99.6692,2741837
2018-12-27,98.4109,101.367,97.7718,101.367,2639267
2018-12-28,102.2259,102.915,101.2372,101.6966,2506934
2018-12-31,102.0162,103.5042,102.0162,102.9849,1980341
2019-01-02,101.5268,102.0362,99.839,100.3683,2397055
2019-01-03,99.839,101.3535,96.3137,97.4921,3219146
2019-01-04,98.4708,101.2372,98.4708,100.3184,2556696
2019-01-07,100.598,101.5168,100.1686,100.7279,2356240
2019-01-08,101.5967,103.3444,101.3271,103.2945,3649173
2019-01-09,103.9437,105.177,103.5941,104.2233,3015569
2019-01-10,103.9037,105.2919,103.0748,105.222,1675366
2019-01-11,104.443,105.1521,104.0635,105.1221,1547658
2019-01-14,104.2233,104.8375,103.8438,103.9536,1563359
2019-01-15,104.1234,105.3418,103.9037,104.9024,2071091
2019-01-16,105.1521,105.6115,104.0236,104.3531,2804499
2019-01-17,104.3531,105.7812,104.3132,105.4317,3092080
2019-01-18,106.2706,107.5489,105.8911,107.3092,3153024
2019-01-22,106.6901,106.7576,105.182,106.2706,2683326
2019-01-23,106.0908,106.8299,104.8076,105.991,1899653
2019-01-24,105.961,106.3605,105.0822,105.9111,1660823
2019-01-25,106.6401,107.509,105.8012,106.1907,2800475
2019-01-28,105.4017,105.9011,104.8175,105.8911,2100467
2019-01-29,106.0509,107.6588,104.3631,105.1321,3633184
2019-01-30,105.9111,109.3366,105.4517,108.8672,3522885
2019-01-31,108.4977,110.9545,107.9384,110.7747,2888439
2019-02-01,110.7847,110.8546,108.8322,109.1568,2588149
2019-02-04,109.0569,109.4464,108.3878,109.4464,1930562
2019-02-05,109.8559,110.545,108.8872,109.3665,2569949
2019-02-06,109.1368,109.786,108.9171,109.5163,1597704
2019-02-07,108.7274,109.5563,107.6887,108.4477,1706445
2019-02-08,107.7786,109.2167,107.4191,109.1069,1259450
2019-02-11,109.4165,109.786,108.9371,109.5363,1649073
2019-02-12,110.3552,111.3539,109.8259,111.2241,1773348
2019-02-13,111.5037,111.6386,110.4551,111.0743,1962006
2019-02-14,110.8246,110.9445,110.1455,110.2154,2248017
2019-02-15,111.2141,111.4438,110.4851,111.0943,4048863
2019-02-19,111.2041,111.6735,110.7547,111.1742,2366048
2019-02-20,110.8646,112.083,110.515,112.053,1703552
2019-02-21,111.6835,112.3227,111.1542,112.2827,1821677
2019-02-22,112.4026,113.4811,112.2177,113.3313,1855759
2019-02-25,123.7776,123.9374,121.1711,122.9887,8804779
2019-02-26,122.2696,123.2483,121.1511,123.0486,6666047
2019-02-27,125.2158,127.3629,124.8662,126.2244,15512332
2019-02-28,125.9448,127.6725,125.6352,126.8536,6231298
2019-03-01,127.3829,128.042,126.2644,127.6026,3628236
2019-03-04,127.6226,128.2218,124.6864,125.7251,4505786
2019-03-05,125.2557,126.4391,124.8762,125.1858,3358387
2019-03-06,124.8462,125.1059,123.6079,124.4767,3794162
2019-03-07,124.277,124.8363,123.478,124.297,2840255
2019-03-08,123.5779,124.9811,123.3382,124.8762,2369099
2019-03-11,125.1558,126.6389,124.8562,126.1645,3282288
2019-03-12,126.4242,127.6326,126.2444,127.2731,2484958
2019-03-13,127.5826,128.7811,127.4316,127.9621,2156345
2019-03-14,127.8323,128.092,127.3729,127.9422,2280589
2019-03-15,127.9621,129.2505,127.8623,128.5214,5489373
2019-03-18,128.6413,129.0208,127.1732,127.9022,2853106
2019-03-19,128.3616,129.7698,128.2218,129.6899,3165156
2019-03-20,129.1806,130.0095,128.9009,129.57,3179986
2019-03-21,128.6213,132.2515,128.6213,132.1167,3006233
2019-03-22,131.3577,132.4238,129.4901,129.5201,2943097
2019-03-25,129.2005,130.0494,128.6812,129.2904,1750262
2019-03-26,130.5188,131.877,130.2491,130.9083,1902359
2019-03-27,130.6786,130.9882,128.6612,129.57,2945333
2019-03-28,130.0,130.22,129.02,129.84,1458140
2019-03-29,130.44,132.17,130.07,132.02,3211161
2019-04-01,133.15,134.5,131.31,131.82,2384440
2019-04-02,132.0,132.02,131.42,131.62,2069099
2019-04-03,132.07,132.07,130.85,130.97,2349105
2019-04-04,131.26,131.63,130.19,130.47,2266408
2019-04-05,130.82,131.77,130.43,131.59,2702981
2019-04-08,131.65,132.04,130.28,131.95,2123793
2019-04-09,131.23,132.53,131.03,131.83,2063425
2019-04-10,131.94,132.45,131.3499,131.5,1634167
2019-04-11,131.76,131.89,130.85,131.43,1451943
2019-04-12,131.65,132.52,131.02,131.63,2187534
2019-04-15,131.61,131.93,129.68,130.5,2447675
2019-04-16,131.42,131.6975,127.82,128.18,3125756
2019-04-17,129.11,129.79,124.01,124.88,5906323
2019-04-18,128.24,129.71,125.29,126.77,5793755
2019-04-22,125.53,127.57,125.0,126.87,2732297
2019-04-23,125.49,128.66,124.85,127.78,3482180
2019-04-24,127.76,129.88,127.28,129.3,2606964
2019-04-25,128.76,130.77,128.14,130.39,2165442
